frame_id,state,num_keyframes,num_mappoints,mnTracked,mnTrackedVO,num_orb_features
1,1,0,0,0,0,7546
2,1,0,0,0,0,7540
2,1,0,0,0,0,7540
2,1,0,0,0,0,7540
2,1,0,0,0,0,7540
2,1,0,0,0,0,7540
2,1,0,0,0,0,7540
2,1,0,0,0,0,7540
2,1,0,0,0,0,7540
3,1,0,0,0,0,7554
3,1,0,0,0,0,7554
3,1,0,0,0,0,7554
3,1,0,0,0,0,7554
3,1,0,0,0,0,7554
3,1,0,0,0,0,7554
4,1,0,0,0,0,7526
4,1,0,0,0,0,7526
4,1,0,0,0,0,7526
4,1,0,0,0,0,7526
4,1,0,0,0,0,7526
4,1,0,0,0,0,7526
5,1,0,0,0,0,7528
5,1,0,0,0,0,7528
5,1,0,0,0,0,7528
5,1,0,0,0,0,7528
5,1,0,0,0,0,7528
5,1,0,0,0,0,7528
6,1,0,0,0,0,7540
6,1,0,0,0,0,7540
6,1,0,0,0,0,7540
6,1,0,0,0,0,7540
6,1,0,0,0,0,7540
7,1,0,0,0,0,7535
7,1,0,0,0,0,7535
7,1,0,0,0,0,7535
7,1,0,0,0,0,7535
7,1,0,0,0,0,7535
7,1,0,0,0,0,7535
8,1,0,0,0,0,7519
8,1,0,0,0,0,7519
8,1,0,0,0,0,7519
8,1,0,0,0,0,7519
9,1,0,0,0,0,7505
9,1,0,0,0,0,7505
9,1,0,0,0,0,7505
9,1,0,0,0,0,7505
9,1,0,0,0,0,7505
10,1,0,0,0,0,7537
10,1,0,0,0,0,7537
10,1,0,0,0,0,7537
10,1,0,0,0,0,7537
10,1,0,0,0,0,7537
11,1,0,0,0,0,7507
11,1,0,0,0,0,7507
11,1,0,0,0,0,7507
11,1,0,0,0,0,7507
12,1,0,0,0,0,7545
12,1,0,0,0,0,7545
12,1,0,0,0,0,7545
12,1,0,0,0,0,7545
13,1,0,0,0,0,7495
13,1,0,0,0,0,7495
13,1,0,0,0,0,7495
13,1,0,0,0,0,7495
13,1,0,0,0,0,7495
14,1,0,0,0,0,7508
14,1,0,0,0,0,7508
14,1,0,0,0,0,7508
14,1,0,0,0,0,7508
15,1,0,0,0,0,7506
15,1,0,0,0,0,7506
15,1,0,0,0,0,7506
15,1,0,0,0,0,7506
16,1,0,0,0,0,7472
16,1,0,0,0,0,7472
16,1,0,0,0,0,7472
16,1,0,0,0,0,7472
17,1,0,0,0,0,7481
17,1,0,0,0,0,7481
17,1,0,0,0,0,7481
17,1,0,0,0,0,7481
18,1,0,0,0,0,7505
18,1,0,0,0,0,7505
18,1,0,0,0,0,7505
18,1,0,0,0,0,7505
18,1,0,0,0,0,7505
19,1,0,0,0,0,7489
19,1,0,0,0,0,7489
19,1,0,0,0,0,7489
19,1,0,0,0,0,7489
20,1,0,0,0,0,7500
20,1,0,0,0,0,7500
20,1,0,0,0,0,7500
20,1,0,0,0,0,7500
21,1,0,0,0,0,7462
21,1,0,0,0,0,7462
21,1,0,0,0,0,7462
21,1,0,0,0,0,7462
21,1,0,0,0,0,7462
21,1,0,0,0,0,7462
21,1,0,0,0,0,7462
21,1,0,0,0,0,7462
22,1,0,0,0,0,7476
23,2,2,341,153,0,3979
24,2,2,341,199,0,3989
24,2,3,282,199,0,3989
25,2,3,348,180,0,3973
26,2,3,348,219,0,3964
26,2,3,348,219,0,3964
27,2,4,300,209,0,3974
28,2,4,414,188,0,3961
28,2,4,411,188,0,3961
29,2,4,411,260,0,3959
30,2,4,411,228,0,3977
30,2,5,397,228,0,3977
31,2,5,483,208,0,3969
31,2,5,511,208,0,3969
32,2,5,558,281,0,3970
33,2,5,558,311,0,3970
33,2,5,558,311,0,3970
34,2,5,558,296,0,3963
34,2,6,529,296,0,3963
35,2,6,697,288,0,3953
36,2,6,721,382,0,3966
36,2,6,701,382,0,3966
37,2,6,701,373,0,3964
37,2,6,701,373,0,3964
38,2,7,666,357,0,3958
39,2,7,669,346,0,3951
39,2,7,747,346,0,3951
40,2,7,827,383,0,3973
40,2,7,843,383,0,3973
41,2,7,820,434,0,3958
41,2,7,820,434,0,3958
42,2,7,820,391,0,3971
42,2,6,776,391,0,3971
43,2,6,776,379,0,3973
44,2,7,731,362,0,3970
44,2,7,796,362,0,3970
45,2,7,873,376,0,3967
45,2,7,874,376,0,3967
46,2,7,868,418,0,3962
47,2,7,868,387,0,3962
47,2,7,868,387,0,3962
48,2,7,868,348,0,3959
48,2,7,868,348,0,3959
48,2,8,844,348,0,3959
49,2,8,854,341,0,3951
49,2,8,921,341,0,3951
50,2,8,938,355,0,3966
50,2,8,982,355,0,3966
50,2,8,983,355,0,3966
51,2,8,972,392,0,3966
51,2,8,972,392,0,3966
52,2,8,972,371,0,3972
52,2,8,972,371,0,3972
53,2,8,972,345,0,3973
53,2,8,972,345,0,3973
54,2,8,972,358,0,3966
54,2,9,928,358,0,3966
55,2,9,1004,346,0,3967
55,2,9,1072,346,0,3967
56,2,9,1067,443,0,3958
57,2,9,1060,443,0,3951
57,2,9,1060,429,0,3951
58,2,9,1060,407,0,3947
59,2,7,964,362,0,3952
59,2,8,940,362,0,3952
60,2,8,1019,362,0,3954
61,2,8,1094,412,0,3962
61,2,8,1060,412,0,3962
62,2,8,1060,403,0,3964
63,2,8,1060,386,0,3951
63,2,8,1060,386,0,3951
64,2,8,1060,390,0,3965
65,2,9,1100,377,0,3954
65,2,9,1194,377,0,3954
66,2,9,1187,460,0,3958
67,2,9,1181,446,0,3960
67,2,9,1172,446,0,3960
68,2,9,1172,404,0,3957
68,2,9,1172,404,0,3957
69,2,9,1172,403,0,3962
70,2,9,1172,394,0,3944
70,2,10,1122,394,0,3944
71,2,10,1245,362,0,3974
71,2,10,1293,362,0,3974
72,2,10,1319,467,0,3950
72,2,10,1278,467,0,3950
73,2,10,1273,435,0,3938
74,2,10,1273,416,0,3941
74,2,10,1273,416,0,3941
75,2,10,1272,417,0,3956
76,2,10,1272,393,0,3950
76,2,10,1272,393,0,3950
77,2,11,1313,383,0,3926
77,2,11,1389,383,0,3926
78,2,11,1409,467,0,3952
79,2,11,1384,467,0,3951
79,2,11,1379,467,0,3951
80,2,11,1372,439,0,3950
80,2,11,1372,439,0,3950
81,2,11,1372,399,0,3951
82,2,11,1372,405,0,3962
83,2,10,1326,397,0,3939
83,2,10,1326,397,0,3939
84,2,11,1352,361,0,3939
84,2,11,1466,361,0,3939
85,2,11,1486,466,0,3943
85,2,11,1516,466,0,3943
86,2,11,1449,439,0,3940
86,2,11,1437,439,0,3940
87,2,11,1437,402,0,3927
88,2,11,1437,388,0,3946
88,2,11,1437,388,0,3946
89,2,11,1437,366,0,3921
90,2,11,1437,361,0,3930
90,2,11,1437,361,0,3930
91,2,11,1437,351,0,3944
92,2,12,1461,323,0,3939
92,2,12,1533,323,0,3939
93,2,12,1558,425,0,3939
93,2,12,1563,425,0,3939
94,2,12,1547,431,0,3943
94,2,12,1543,431,0,3943
95,2,12,1540,404,0,3949
95,2,12,1540,404,0,3949
96,2,12,1540,392,0,3932
97,2,12,1540,384,0,3950
97,2,12,1540,384,0,3950
98,2,12,1540,366,0,3939
99,2,12,1540,363,0,3947
99,2,13,1487,363,0,3947
100,2,13,1633,363,0,3943
100,2,13,1683,363,0,3943
101,2,13,1693,444,0,3933
102,2,13,1680,428,0,3936
102,2,13,1666,428,0,3936
103,2,13,1655,397,0,3927
103,2,13,1655,397,0,3927
104,2,13,1655,388,0,3918
105,2,13,1655,337,0,3918
105,2,13,1655,337,0,3918
106,2,13,1655,327,0,3912
106,2,13,1655,327,0,3912
107,2,13,1655,316,0,3915
108,2,14,1688,302,0,3926
108,2,14,1769,302,0,3926
109,2,14,1794,410,0,3921
109,2,14,1808,410,0,3921
110,2,14,1764,419,0,3932
110,2,14,1761,419,0,3932
111,2,14,1757,368,0,3928
112,2,14,1757,358,0,3925
112,2,14,1757,358,0,3925
113,2,14,1757,340,0,3919
113,2,14,1757,340,0,3919
114,2,14,1756,335,0,3920
115,2,13,1713,323,0,3902
115,2,14,1681,323,0,3902
116,2,14,1789,336,0,3906
117,2,14,1808,387,0,3884
117,2,14,1823,387,0,3884
118,2,14,1824,405,0,3881
118,2,14,1791,405,0,3881
119,2,14,1787,336,0,3887
120,2,14,1781,324,0,3867
120,2,14,1781,324,0,3867
121,2,14,1781,310,0,3881
122,2,14,1781,290,0,3885
122,2,14,1781,290,0,3885
123,2,14,1781,259,0,3855
123,2,14,1780,259,0,3855
124,2,14,1780,258,0,3837
125,2,14,1780,238,0,3851
126,2,15,1788,238,0,3846
126,2,15,1872,289,0,3846
127,2,15,1900,340,0,3836
128,2,15,1904,343,0,3845
128,2,15,1869,343,0,3845
129,2,15,1864,329,0,3858
130,2,15,1862,310,0,3863
130,2,15,1862,310,0,3863
131,2,15,1862,308,0,3868
132,2,15,1862,283,0,3857
132,2,15,1862,283,0,3857
133,2,15,1862,304,0,3858
134,2,15,1862,277,0,3882
134,2,16,1874,277,0,3882
135,2,16,1968,346,0,3875
136,2,16,1986,376,0,3850
136,2,16,1991,376,0,3850
137,2,16,1980,357,0,3866
138,2,16,1956,342,0,3876
138,2,16,1953,342,0,3876
139,2,16,1951,332,0,3880
140,2,16,1951,304,0,3844
141,2,16,1951,278,0,3837
141,2,16,1951,278,0,3837
142,2,16,1951,267,0,3875
143,2,16,1951,269,0,3878
144,2,16,1951,256,0,3861
144,2,17,1886,256,0,3861
145,2,17,2013,238,0,3888
146,2,17,2052,333,0,3870
146,2,17,2064,333,0,3870
147,2,17,2072,322,0,3885
148,2,17,2047,314,0,3877
148,2,17,2042,314,0,3877
149,2,17,2037,295,0,3900
150,2,17,2037,295,0,3911
150,2,17,2037,295,0,3911
151,2,17,2037,283,0,3898
152,2,17,2037,253,0,3904
152,2,17,2037,253,0,3904
153,2,17,2037,238,0,3913
154,2,17,2037,256,0,3918
155,2,18,2056,259,0,3922
155,2,18,2115,259,0,3922
156,2,18,2139,342,0,3894
157,2,18,2156,337,0,3920
157,2,18,2165,337,0,3920
158,2,18,2154,315,0,3899
158,2,18,2123,315,0,3899
159,2,18,2122,312,0,3920
160,2,18,2116,295,0,3893
160,2,18,2116,295,0,3893
161,2,18,2116,268,0,3887
162,2,18,2116,262,0,3897
162,2,18,2116,262,0,3897
163,2,18,2116,246,0,3892
164,2,18,2116,238,0,3878
164,2,18,2116,238,0,3878
165,2,18,2116,226,0,3867
166,2,18,2116,221,0,3880
166,2,19,2050,221,0,3880
167,2,19,2163,256,0,3851
167,2,19,2193,256,0,3851
168,2,19,2216,306,0,3869
169,2,19,2223,317,0,3855
169,2,19,2232,317,0,3855
170,2,19,2215,336,0,3864
171,2,19,2198,296,0,3860
171,2,19,2193,296,0,3860
172,2,19,2190,287,0,3891
173,2,19,2190,284,0,3906
174,2,19,2190,257,0,3877
174,2,19,2190,257,0,3877
175,2,19,2190,251,0,3880
176,2,19,2190,237,0,3885
176,2,19,2190,237,0,3885
177,2,19,2189,228,0,3879
178,2,19,2189,237,0,3863
179,2,19,2189,235,0,3868
179,2,20,2157,235,0,3868
180,2,20,2256,225,0,3904
181,2,20,2290,333,0,3899
182,2,20,2304,325,0,3885
182,2,20,2312,325,0,3885
183,2,20,2321,337,0,3898
183,2,20,2281,337,0,3898
184,2,20,2271,324,0,3894
185,2,20,2270,291,0,3877
186,2,20,2266,288,0,3868
186,2,20,2266,288,0,3868
187,2,20,2266,278,0,3888
188,2,20,2266,276,0,3888
188,2,20,2266,276,0,3888
189,2,20,2266,270,0,3885
190,2,20,2266,274,0,3879
190,2,20,2266,274,0,3879
191,2,20,2266,258,0,3884
191,2,20,2264,258,0,3884
192,2,20,2264,257,0,3880
193,2,20,2264,244,0,3872
193,2,21,2271,244,0,3872
194,2,21,2353,274,0,3875
195,2,21,2377,336,0,3886
196,2,21,2387,327,0,3872
196,2,21,2400,327,0,3872
197,2,21,2412,333,0,3868
198,2,21,2366,313,0,3882
198,2,21,2360,313,0,3882
199,2,21,2348,298,0,3886
200,2,21,2348,277,0,3879
201,2,21,2348,275,0,3880
201,2,21,2348,275,0,3880
202,2,21,2348,284,0,3872
203,2,21,2348,284,0,3900
203,2,21,2348,284,0,3900
204,2,21,2348,263,0,3875
205,2,21,2348,278,0,3877
205,2,21,2348,278,0,3877
206,2,21,2348,267,0,3871
207,2,22,2412,305,0,3871
207,2,22,2486,305,0,3871
208,2,22,2508,376,0,3882
209,2,22,2514,401,0,3873
209,2,22,2518,401,0,3873
210,2,22,2486,383,0,3858
211,2,22,2471,352,0,3855
211,2,22,2465,352,0,3855
212,2,22,2462,344,0,3878
213,2,22,2454,309,0,3876
213,2,22,2454,309,0,3876
214,2,22,2454,310,0,3855
215,2,22,2454,289,0,3865
216,2,22,2454,291,0,3868
216,2,22,2454,291,0,3868
217,2,22,2454,291,0,3848
218,2,22,2454,260,0,3842
218,2,22,2452,260,0,3842
219,2,22,2452,251,0,3844
219,2,22,2452,251,0,3844
220,2,23,2391,258,0,3846
221,2,23,2525,288,0,3826
221,2,23,2559,288,0,3826
222,2,23,2572,362,0,3829
223,2,23,2587,378,0,3839
223,2,23,2594,378,0,3839
224,2,23,2598,362,0,3838
225,2,23,2547,361,0,3862
225,2,23,2539,361,0,3862
226,2,23,2538,311,0,3853
227,2,23,2532,314,0,3869
228,2,23,2532,303,0,3868
228,2,23,2532,303,0,3868
229,2,23,2532,310,0,3880
230,2,23,2532,287,0,3871
231,2,23,2532,295,0,3884
231,2,23,2531,295,0,3884
232,2,23,2531,278,0,3898
232,2,23,2531,278,0,3898
233,2,23,2531,273,0,3908
234,2,24,2579,307,0,3929
234,2,24,2636,307,0,3929
235,2,24,2650,387,0,3931
236,2,24,2665,365,0,3936
236,2,24,2673,365,0,3936
237,2,24,2682,381,0,3934
238,2,24,2637,343,0,3923
238,2,24,2631,343,0,3923
239,2,24,2631,324,0,3938
239,2,24,2631,324,0,3938
240,2,24,2625,325,0,3936
241,2,24,2625,304,0,3945
241,2,24,2625,304,0,3945
242,2,24,2625,306,0,3939
243,2,24,2625,294,0,3939
243,2,24,2625,294,0,3939
244,2,24,2623,288,0,3947
245,2,24,2623,300,0,3941
245,2,24,2623,300,0,3941
246,2,25,2561,276,0,3927
247,2,25,2721,345,0,3959
247,2,25,2746,345,0,3959
248,2,25,2757,378,0,3937
249,2,25,2768,376,0,3928
249,2,25,2778,376,0,3928
250,2,25,2721,368,0,3941
251,2,25,2717,342,0,3953
251,2,25,2715,342,0,3953
252,2,25,2710,318,0,3958
253,2,25,2710,310,0,3947
253,2,25,2710,310,0,3947
254,2,25,2710,316,0,3946
255,2,25,2710,280,0,3945
255,2,25,2710,280,0,3945
256,2,25,2710,277,0,3956
257,2,25,2710,264,0,3937
258,2,25,2708,283,0,3950
258,2,25,2708,283,0,3950
259,2,25,2708,273,0,3954
260,2,25,2708,271,0,3936
260,2,26,2720,271,0,3936
261,2,26,2844,326,0,3928
262,2,26,2867,396,0,3930
262,2,26,2876,396,0,3930
263,2,26,2889,393,0,3936
264,2,26,2863,393,0,3925
264,2,26,2851,393,0,3925
265,2,26,2849,394,0,3938
266,2,26,2848,351,0,3930
266,2,26,2843,351,0,3930
267,2,26,2843,349,0,3932
268,2,26,2843,334,0,3934
268,2,26,2843,334,0,3934
269,2,26,2843,326,0,3916
269,2,26,2843,326,0,3916
270,2,26,2843,329,0,3938
271,2,26,2843,314,0,3933
271,2,26,2843,314,0,3933
272,2,26,2843,318,0,3932
273,2,27,2914,304,0,3937
273,2,27,2976,304,0,3937
274,2,27,2990,410,0,3932
275,2,27,2996,418,0,3914
275,2,27,3006,418,0,3914
276,2,27,2947,391,0,3930
277,2,27,2943,386,0,3940
277,2,27,2942,386,0,3940
278,2,27,2941,359,0,3943
279,2,27,2936,371,0,3938
279,2,27,2936,371,0,3938
280,2,27,2936,347,0,3929
281,2,27,2936,345,0,3942
281,2,27,2936,345,0,3942
282,2,27,2936,339,0,3925
283,2,27,2936,323,0,3947
283,2,27,2936,323,0,3947
284,2,27,2936,314,0,3942
285,2,27,2936,302,0,3955
285,2,27,2935,302,0,3955
286,2,27,2935,305,0,3951
287,2,27,2935,303,0,3954
287,2,28,2856,303,0,3954
288,2,28,3052,361,0,3947
289,2,28,3080,411,0,3946
289,2,28,3099,411,0,3946
290,2,28,3108,405,0,3956
291,2,28,3071,411,0,3945
291,2,28,3064,411,0,3945
292,2,28,3060,369,0,3960
293,2,28,3057,379,0,3947
293,2,28,3050,379,0,3947
294,2,28,3050,364,0,3961
295,2,28,3050,350,0,3961
295,2,28,3050,350,0,3961
296,2,28,3050,336,0,3952
297,2,28,3050,351,0,3939
297,2,28,3050,351,0,3939
298,2,28,3050,323,0,3927
298,2,28,3050,323,0,3927
299,2,28,3050,330,0,3951
299,2,28,3050,330,0,3951
300,2,28,3050,323,0,3933
300,2,29,3116,323,0,3933
301,2,29,3225,410,0,3932
302,2,29,3252,467,0,3942
302,2,29,3268,467,0,3942
303,2,29,3280,503,0,3941
304,2,29,3268,468,0,3959
304,2,29,3235,468,0,3959
305,2,29,3228,412,0,3945
306,2,29,3227,416,0,3945
306,2,29,3219,416,0,3945
307,2,29,3218,392,0,3948
308,2,29,3218,389,0,3950
308,2,29,3218,389,0,3950
309,2,29,3218,375,0,3946
310,2,29,3218,360,0,3949
310,2,29,3218,360,0,3949
311,2,29,3218,348,0,3941
311,2,29,3217,348,0,3941
312,2,29,3217,359,0,3950
313,2,29,3217,332,0,3959
313,2,30,3144,332,0,3959
314,2,30,3335,392,0,3962
315,2,30,3357,467,0,3943
315,2,30,3366,467,0,3943
316,2,30,3377,448,0,3933
317,2,30,3333,452,0,3958
317,2,30,3323,452,0,3958
318,2,30,3323,430,0,3944
319,2,30,3315,406,0,3943
319,2,30,3315,406,0,3943
320,2,30,3315,382,0,3942
321,2,30,3315,379,0,3950
321,2,30,3315,379,0,3950
322,2,30,3315,370,0,3931
323,2,30,3315,352,0,3921
323,2,30,3315,352,0,3921
324,2,30,3315,347,0,3941
325,2,30,3315,335,0,3945
326,2,30,3315,329,0,3938
326,2,31,3324,329,0,3938
327,2,31,3403,395,0,3941
328,2,31,3432,426,0,3951
328,2,31,3438,426,0,3951
329,2,31,3442,443,0,3949
330,2,31,3407,435,0,3947
331,2,31,3404,413,0,3947
331,2,31,3402,413,0,3947
332,2,31,3399,385,0,3949
333,2,31,3399,388,0,3948
333,2,31,3399,388,0,3948
334,2,31,3399,370,0,3948
334,2,31,3399,370,0,3948
335,2,31,3399,362,0,3943
336,2,31,3399,369,0,3955
337,2,31,3398,342,0,3935
337,2,31,3398,342,0,3935
338,2,31,3398,348,0,3930
338,2,31,3398,348,0,3930
339,2,32,3311,322,0,3946
340,2,32,3473,362,0,3951
340,2,32,3500,362,0,3951
341,2,32,3517,403,0,3968
342,2,32,3525,381,0,3963
342,2,32,3508,381,0,3963
343,2,32,3489,399,0,3962
344,2,32,3485,352,0,3964
344,2,32,3485,352,0,3964
345,2,32,3479,352,0,3982
346,2,32,3479,335,0,3969
346,2,32,3479,335,0,3969
347,2,32,3479,338,0,3966
348,2,32,3479,320,0,3962
348,2,32,3479,320,0,3962
349,2,32,3479,307,0,3959
350,2,32,3479,297,0,3944
351,2,32,3479,299,0,3948
351,2,32,3479,299,0,3948
352,2,32,3477,289,0,3945
352,2,32,3477,289,0,3945
353,2,32,3477,298,0,3976
354,2,32,3477,275,0,3964
355,2,33,3525,337,0,3961
355,2,33,3550,337,0,3961
356,2,33,3564,361,0,3962
357,2,33,3569,349,0,3955
357,2,33,3544,349,0,3955
358,2,33,3531,336,0,3951
359,2,33,3529,299,0,3947
359,2,33,3524,299,0,3947
360,2,33,3524,294,0,3951
361,2,33,3524,297,0,3951
361,2,33,3524,297,0,3951
362,2,33,3524,285,0,3953
363,2,33,3524,265,0,3951
363,2,33,3524,265,0,3951
364,2,33,3524,263,0,3952
364,2,33,3523,263,0,3952
365,2,33,3523,273,0,3949
366,2,33,3523,263,0,3956
366,2,34,3554,263,0,3956
367,2,34,3630,324,0,3962
368,2,34,3654,381,0,3966
368,2,34,3665,381,0,3966
369,2,34,3670,364,0,3953
370,2,34,3642,358,0,3961
370,2,34,3636,358,0,3961
371,2,34,3635,352,0,3940
372,2,34,3633,350,0,3945
372,2,34,3633,350,0,3945
373,2,34,3633,317,0,3956
374,2,34,3633,337,0,3976
374,2,34,3633,337,0,3976
375,2,34,3633,305,0,3962
376,2,34,3633,299,0,3962
377,2,34,3633,302,0,3971
377,2,34,3633,302,0,3971
378,2,34,3633,299,0,3962
379,2,34,3633,262,0,3953
379,2,35,3687,262,0,3953
380,2,35,3730,336,0,3948
381,2,35,3747,361,0,3942
381,2,35,3753,361,0,3942
382,2,35,3759,360,0,3952
383,2,35,3724,343,0,3954
383,2,35,3720,343,0,3954
384,2,35,3710,340,0,3956
385,2,35,3710,312,0,3950
385,2,35,3710,312,0,3950
386,2,35,3710,321,0,3968
387,2,35,3710,302,0,3954
387,2,35,3710,302,0,3954
388,2,35,3710,296,0,3958
389,2,35,3710,268,0,3953
389,2,35,3710,268,0,3953
390,2,35,3710,288,0,3948
391,2,35,3710,288,0,3940
391,2,36,3721,284,0,3940
392,2,36,3824,324,0,3949
393,2,36,3848,373,0,3960
393,2,36,3855,373,0,3960
394,2,36,3862,360,0,3967
394,2,36,3826,360,0,3967
395,2,36,3818,327,0,3991
396,2,36,3809,331,0,3955
397,2,36,3809,324,0,3966
397,2,36,3809,324,0,3966
398,2,36,3809,324,0,3960
399,2,36,3809,316,0,3972
399,2,36,3809,316,0,3972
400,2,36,3809,292,0,3959
401,2,36,3809,282,0,3955
401,2,36,3809,282,0,3955
402,2,36,3809,296,0,3960
402,2,36,3809,296,0,3960
403,2,36,3809,287,0,3948
404,2,37,3923,327,0,3940
404,2,37,3959,327,0,3940
405,2,37,3975,396,0,3952
406,2,37,3982,414,0,3959
407,2,37,3955,416,0,3972
407,2,37,3949,416,0,3972
408,2,37,3946,378,0,3973
408,2,37,3939,378,0,3973
409,2,37,3939,367,0,3962
410,2,37,3939,350,0,3961
410,2,37,3939,350,0,3961
411,2,37,3939,336,0,3962
412,2,37,3939,329,0,3935
412,2,37,3939,329,0,3935
413,2,37,3939,337,0,3969
414,2,37,3939,324,0,3964
414,2,37,3939,324,0,3964
415,2,38,3876,318,0,3968
416,2,38,4065,375,0,3959
417,2,38,4090,436,0,3982
417,2,38,4106,436,0,3982
418,2,38,4114,446,0,3958
419,2,38,4084,429,0,3964
419,2,38,4079,429,0,3964
420,2,38,4078,414,0,3952
421,2,38,4078,399,0,3957
421,2,38,4071,399,0,3957
422,2,38,4071,377,0,3954
423,2,38,4071,372,0,3958
423,2,38,4071,372,0,3958
424,2,38,4071,362,0,3956
424,2,38,4071,362,0,3956
425,2,38,4071,366,0,3965
426,2,38,4071,335,0,3962
426,2,38,4070,335,0,3962
427,2,38,4070,348,0,3974
427,2,38,4070,348,0,3974
428,2,39,4013,325,0,3965
428,2,39,4177,325,0,3965
429,2,39,4206,438,0,3986
430,2,39,4212,406,0,3962
430,2,39,4217,406,0,3962
431,2,39,4188,412,0,3967
432,2,39,4181,385,0,3969
432,2,39,4178,385,0,3969
433,2,39,4173,347,0,3969
434,2,39,4173,322,0,3964
435,2,39,4173,301,0,3967
435,2,39,4173,301,0,3967
436,2,39,4173,309,0,3958
437,2,39,4173,289,0,3975
437,2,39,4173,289,0,3975
438,2,39,4173,282,0,3982
439,2,39,4172,274,0,3966
439,2,39,4172,274,0,3966
440,2,39,4172,270,0,3977
441,2,39,4172,268,0,3987
442,2,40,4232,343,0,3971
442,2,40,4270,343,0,3971
443,2,40,4283,366,0,3972
444,2,40,4284,365,0,3964
444,2,40,4288,365,0,3964
445,2,40,4249,344,0,3965
446,2,40,4248,325,0,3972
446,2,40,4243,325,0,3972
447,2,40,4243,306,0,3971
448,2,40,4243,291,0,3999
448,2,40,4243,291,0,3999
449,2,40,4243,285,0,3970
450,2,40,4243,277,0,3970
450,2,40,4243,277,0,3970
451,2,40,4243,273,0,3972
452,2,40,4243,248,0,3972
452,2,40,4243,248,0,3972
453,2,40,4243,260,0,3970
454,2,40,4243,260,0,3963
454,2,41,4276,260,0,3963
455,2,41,4353,319,0,3963
455,2,41,4370,319,0,3963
456,2,41,4386,368,0,3964
457,2,41,4393,372,0,3964
457,2,41,4358,372,0,3964
458,2,41,4351,353,0,3966
459,2,41,4349,329,0,3982
459,2,41,4344,329,0,3982
460,2,41,4344,321,0,3980
461,2,41,4344,308,0,3982
461,2,41,4344,308,0,3982
462,2,41,4344,288,0,3973
463,2,41,4344,276,0,3986
463,2,41,4344,276,0,3986
464,2,41,4344,279,0,3982
465,2,41,4343,278,0,3984
465,2,41,4343,278,0,3984
466,2,41,4343,261,0,3984
467,2,41,4343,250,0,3990
468,2,42,4425,282,0,4003
468,2,42,4456,282,0,4003
469,2,42,4467,330,0,3989
470,2,42,4470,310,0,3977
470,2,42,4457,310,0,3977
471,2,42,4442,315,0,3968
472,2,42,4442,290,0,3981
472,2,42,4437,290,0,3981
473,2,42,4437,284,0,3970
474,2,42,4437,269,0,3988
474,2,42,4437,269,0,3988
475,2,42,4437,265,0,3997
476,2,42,4437,262,0,3977
476,2,42,4437,262,0,3977
477,2,42,4437,260,0,3971
477,2,42,4437,260,0,3971
478,2,42,4437,258,0,3973
479,2,42,4437,266,0,3970
479,2,43,4438,266,0,3970
480,2,43,4536,366,0,3973
481,2,43,4553,369,0,3969
481,2,43,4561,369,0,3969
482,2,43,4565,362,0,3970
483,2,43,4525,326,0,3957
483,2,43,4521,326,0,3957
484,2,43,4521,317,0,3963
485,2,43,4520,300,0,3978
485,2,43,4520,300,0,3978
486,2,43,4520,288,0,3976
487,2,43,4520,279,0,3974
487,2,43,4520,279,0,3974
488,2,43,4520,263,0,3968
489,2,43,4520,249,0,3971
489,2,43,4520,249,0,3971
490,2,43,4520,271,0,3971
490,2,43,4520,271,0,3971
491,2,44,4463,259,0,3974
492,2,44,4641,365,0,3986
492,2,44,4697,365,0,3986
493,2,44,4713,399,0,3963
494,2,44,4721,407,0,3976
494,2,44,4692,407,0,3976
495,2,44,4679,380,0,3959
496,2,44,4676,392,0,3956
497,2,44,4675,392,0,3982
497,2,44,4674,361,0,3982
498,2,44,4674,363,0,3983
498,2,44,4674,363,0,3983
499,2,44,4674,355,0,3972
500,2,44,4674,323,0,3968
500,2,44,4674,323,0,3968
501,2,44,4674,330,0,3986
502,2,44,4674,314,0,3978
503,2,44,4674,309,0,3972
503,2,44,4672,309,0,3972
504,2,44,4672,309,0,3974
504,2,44,4672,309,0,3974
505,2,45,4605,280,0,3962
506,2,45,4761,313,0,3987
506,2,45,4792,313,0,3987
507,2,45,4802,366,0,3979
508,2,45,4804,388,0,3968
508,2,45,4768,388,0,3968
509,2,45,4767,330,0,3975
510,2,45,4765,315,0,3967
510,2,45,4757,315,0,3967
511,2,45,4757,308,0,3969
512,2,45,4757,312,0,3987
512,2,45,4757,312,0,3987
513,2,45,4757,297,0,3973
514,2,45,4757,291,0,3962
514,2,45,4757,291,0,3962
515,2,45,4757,284,0,3973
516,2,45,4757,278,0,3972
517,2,45,4757,294,0,3966
517,2,46,4768,294,0,3966
518,2,46,4877,342,0,3975
519,2,46,4901,411,0,3969
519,2,46,4913,411,0,3969
520,2,46,4919,413,0,3958
521,2,46,4878,364,0,3987
521,2,46,4876,364,0,3987
522,2,46,4876,346,0,3976
523,2,46,4873,332,0,3969
523,2,46,4873,332,0,3969
524,2,46,4873,313,0,3978
525,2,46,4873,293,0,3975
525,2,46,4873,293,0,3975
526,2,46,4873,286,0,3981
527,2,46,4873,293,0,3973
527,2,46,4873,293,0,3973
528,2,46,4872,273,0,3982
528,2,46,4872,273,0,3982
529,2,46,4872,265,0,3965
530,2,46,4872,263,0,3984
530,2,47,4985,263,0,3984
531,2,47,5050,345,0,3976
532,2,47,5063,402,0,3969
533,2,47,5067,402,0,3960
533,2,47,5018,416,0,3960
534,2,47,5014,363,0,3962
535,2,47,5012,359,0,3975
535,2,47,5011,359,0,3975
536,2,47,5008,341,0,3970
536,2,47,5008,341,0,3970
537,2,47,5008,322,0,3965
538,2,47,5008,326,0,3971
538,2,47,5008,326,0,3971
539,2,47,5008,292,0,3982
540,2,47,5008,289,0,3976
540,2,47,5008,289,0,3976
541,2,47,5008,293,0,3979
541,2,47,5008,293,0,3979
542,2,47,5008,280,0,3970
543,2,48,5125,325,0,3973
543,2,48,5195,325,0,3973
544,2,48,5206,409,0,3977
545,2,48,5215,409,0,3978
545,2,48,5166,409,0,3978
546,2,48,5165,397,0,3978
547,2,48,5163,378,0,3974
547,2,48,5162,378,0,3974
548,2,48,5160,378,0,3974
549,2,48,5160,368,0,3981
549,2,48,5160,368,0,3981
550,2,48,5160,356,0,3966
550,2,48,5160,356,0,3966
551,2,48,5160,346,0,3962
552,2,48,5160,334,0,3970
552,2,48,5160,334,0,3970
553,2,48,5159,340,0,3986
554,2,48,5159,320,0,3967
555,2,48,5159,319,0,3969
555,2,49,5179,319,0,3969
556,2,49,5300,385,0,3968
557,2,49,5312,453,0,3959
557,2,49,5317,453,0,3959
558,2,49,5322,439,0,3968
559,2,49,5281,389,0,3963
559,2,49,5274,389,0,3963
560,2,49,5273,374,0,3963
560,2,49,5264,374,0,3963
561,2,49,5264,366,0,3962
562,2,49,5264,332,0,3957
563,2,49,5264,333,0,3954
563,2,49,5264,333,0,3954
564,2,49,5264,303,0,3961
565,2,49,5263,310,0,3947
565,2,49,5263,310,0,3947
566,2,49,5263,305,0,3937
567,2,49,5263,307,0,3937
568,2,50,5398,400,0,3951
568,2,50,5424,400,0,3951
569,2,50,5430,469,0,3953
570,2,50,5436,469,0,3953
570,2,50,5392,469,0,3953
571,2,50,5387,458,0,3967
572,2,50,5386,421,0,3963
572,2,50,5380,421,0,3963
573,2,50,5380,391,0,3964
574,2,50,5380,386,0,3951
574,2,50,5380,386,0,3951
575,2,50,5380,377,0,3953
576,2,50,5380,365,0,3955
576,2,50,5380,365,0,3955
577,2,50,5378,335,0,3949
577,2,50,5378,335,0,3949
578,2,50,5378,346,0,3930
579,2,50,5378,313,0,3923
580,2,51,5517,380,0,3931
580,2,51,5551,380,0,3931
580,2,51,5560,380,0,3931
581,2,51,5571,449,0,3952
582,2,51,5526,438,0,3944
583,2,51,5523,405,0,3953
583,2,51,5520,405,0,3953
584,2,51,5518,394,0,3932
585,2,51,5510,381,0,3938
585,2,51,5510,381,0,3938
586,2,51,5510,365,0,3940
587,2,51,5510,348,0,3932
587,2,51,5510,348,0,3932
588,2,51,5510,356,0,3946
589,2,51,5509,353,0,3946
589,2,51,5509,353,0,3946
590,2,51,5509,339,0,3949
591,2,51,5509,350,0,3941
591,2,52,5582,350,0,3941
592,2,52,5646,435,0,3940
593,2,52,5657,492,0,3938
593,2,52,5664,492,0,3938
594,2,52,5613,456,0,3930
595,2,52,5613,436,0,3936
595,2,52,5612,436,0,3936
596,2,52,5611,407,0,3931
597,2,52,5608,378,0,3925
597,2,52,5608,378,0,3925
598,2,52,5608,364,0,3918
599,2,52,5608,340,0,3916
599,2,52,5608,340,0,3916
600,2,52,5608,320,0,3921
601,2,52,5608,299,0,3931
601,2,52,5607,299,0,3931
602,2,52,5607,314,0,3914
602,2,52,5607,314,0,3914
603,2,53,5532,317,0,3921
604,2,53,5804,453,0,3924
604,2,53,5830,453,0,3924
605,2,53,5846,474,0,3928
606,2,53,5855,474,0,3910
606,2,53,5779,474,0,3910
607,2,53,5772,457,0,3918
608,2,53,5770,437,0,3918
608,2,53,5768,437,0,3918
609,2,53,5768,430,0,3911
610,2,53,5768,397,0,3914
610,2,53,5768,397,0,3914
611,2,53,5768,398,0,3907
612,2,53,5768,374,0,3909
612,2,53,5768,374,0,3909
613,2,53,5766,362,0,3891
613,2,53,5766,362,0,3891
614,2,53,5766,376,0,3912
615,2,53,5766,358,0,3912
615,2,54,5837,358,0,3912
616,2,54,5975,460,0,3914
617,2,54,5995,512,0,3909
617,2,54,6000,512,0,3909
618,2,54,5906,459,0,3907
618,2,54,5900,459,0,3907
619,2,54,5898,435,0,3903
620,2,54,5892,430,0,3910
621,2,54,5892,399,0,3906
621,2,54,5892,399,0,3906
622,2,54,5892,381,0,3894
623,2,54,5892,370,0,3895
623,2,54,5892,370,0,3895
624,2,54,5891,344,0,3883
624,2,54,5891,344,0,3883
625,2,54,5891,327,0,3903
626,2,54,5891,331,0,3875
626,2,55,5954,331,0,3875
627,2,55,6086,509,0,3890
627,2,55,6108,509,0,3890
628,2,55,6120,573,0,3852
629,2,55,6122,535,0,3888
629,2,55,6050,535,0,3888
630,2,55,6048,528,0,3869
631,2,55,6045,482,0,3867
631,2,55,6042,482,0,3867
632,2,55,6042,449,0,3886
633,2,55,6042,446,0,3853
633,2,55,6042,446,0,3853
634,2,55,6042,420,0,3855
635,2,55,6042,402,0,3866
635,2,55,6042,402,0,3866
636,2,55,6041,372,0,3875
637,2,55,6041,371,0,3850
637,2,55,6041,371,0,3850
638,2,55,6041,367,0,3894
639,2,56,6208,445,0,3895
639,2,56,6236,445,0,3895
640,2,56,6252,533,0,3899
640,2,56,6259,533,0,3899
641,2,56,6166,516,0,3907
642,2,56,6160,480,0,3918
642,2,56,6159,480,0,3918
643,2,56,6151,441,0,3910
644,2,56,6151,447,0,3906
644,2,56,6151,447,0,3906
645,2,56,6151,416,0,3913
646,2,56,6151,416,0,3893
646,2,56,6151,416,0,3893
647,2,56,6151,416,0,3893
648,2,56,6151,388,0,3916
648,2,56,6150,388,0,3916
649,2,56,6150,405,0,3906
649,2,56,6150,405,0,3906
650,2,57,6054,365,0,3902
651,2,57,6296,429,0,3885
651,2,57,6343,429,0,3885
652,2,57,6357,526,0,3917
653,2,57,6365,518,0,3911
653,2,57,6273,518,0,3911
654,2,57,6262,443,0,3920
655,2,57,6260,443,0,3919
655,2,57,6248,443,0,3919
656,2,57,6248,416,0,3916
657,2,57,6248,391,0,3925
657,2,57,6248,391,0,3925
658,2,57,6248,367,0,3922
659,2,57,6248,347,0,3917
659,2,57,6248,347,0,3917
660,2,57,6247,326,0,3927
661,2,57,6247,325,0,3929
661,2,57,6247,325,0,3929
662,2,57,6247,327,0,3906
663,2,58,6397,432,0,3923
663,2,58,6470,432,0,3923
664,2,58,6490,502,0,3904
664,2,58,6499,502,0,3904
665,2,58,6427,489,0,3900
666,2,58,6422,486,0,3889
666,2,58,6417,486,0,3889
667,2,58,6411,479,0,3892
668,2,58,6411,452,0,3869
668,2,58,6411,452,0,3869
669,2,58,6411,445,0,3879
670,2,58,6411,430,0,3925
670,2,58,6411,430,0,3925
671,2,58,6411,439,0,3941
672,2,58,6411,400,0,3932
672,2,58,6411,400,0,3932
673,2,58,6411,410,0,3919
673,2,58,6411,410,0,3919
674,2,58,6411,387,0,3868
674,2,58,6411,387,0,3868
675,2,59,6435,386,0,3915
676,2,59,6613,430,0,3911
677,2,59,6628,519,0,3921
677,2,59,6640,519,0,3921
678,2,59,6561,484,0,3921
678,2,59,6547,484,0,3921
679,2,59,6542,455,0,3924
680,2,59,6531,438,0,3933
680,2,59,6531,438,0,3933
681,2,59,6531,435,0,3928
682,2,59,6531,431,0,3931
682,2,59,6531,431,0,3931
683,2,59,6531,390,0,3915
684,2,59,6531,405,0,3896
685,2,59,6531,373,0,3906
685,2,59,6531,373,0,3906
686,2,59,6531,389,0,3900
687,2,60,6437,371,0,3864
688,2,60,6650,435,0,3834
688,2,60,6701,435,0,3834
689,2,60,6719,525,0,3857
690,2,60,6733,493,0,3872
690,2,60,6652,493,0,3872
691,2,60,6644,449,0,3898
692,2,60,6643,420,0,3918
692,2,60,6627,420,0,3918
693,2,60,6627,376,0,3936
694,2,60,6627,358,0,3948
694,2,60,6627,358,0,3948
695,2,60,6627,340,0,3938
696,2,60,6627,315,0,3954
696,2,60,6627,315,0,3954
697,2,60,6627,295,0,3952
698,2,60,6627,263,0,3950
698,2,60,6627,263,0,3950
699,2,61,6601,239,0,3947
700,2,61,6745,294,0,3931
701,2,61,6762,330,0,3926
701,2,61,6774,330,0,3926
702,2,61,6745,344,0,3936
703,2,61,6722,297,0,3935
704,2,61,6718,279,0,3946
704,2,61,6714,279,0,3946
705,2,61,6714,278,0,3938
706,2,61,6714,252,0,3925
707,2,61,6714,248,0,3921
708,2,61,6714,246,0,3918
708,2,61,6714,246,0,3918
709,2,61,6713,223,0,3930
709,2,61,6713,223,0,3930
710,2,61,6713,218,0,3927
711,2,62,6602,204,0,3933
712,2,62,6763,238,0,3945
712,2,62,6778,238,0,3945
713,2,62,6788,274,0,3943
714,2,62,6771,255,0,3932
715,2,62,6755,220,0,3935
716,2,62,6754,192,0,3959
716,2,62,6750,192,0,3959
717,2,62,6750,174,0,3973
718,2,62,6750,140,0,3965
718,2,62,6750,140,0,3965
719,2,62,6750,111,0,3968
720,2,62,6750,101,0,3972
721,2,62,6748,77,0,3958
722,2,62,6748,65,0,3960
723,2,62,6748,45,0,3988
723,2,63,6688,45,0,3988
724,2,63,6693,58,0,3965
725,2,63,6693,43,0,3983
726,2,63,6693,43,0,3982
727,2,63,6693,43,0,3988
728,2,64,6635,41,0,4002
728,2,64,6634,41,0,4002
729,2,65,6632,30,0,4006
730,2,65,6633,37,0,4007
731,2,66,6630,36,0,4000
732,2,66,6674,27,0,4005
732,2,66,6674,27,0,4005
733,3,0,0,27,0,4003
734,3,0,0,27,0,4005
734,3,0,0,27,0,4005
735,3,0,0,27,0,4008
736,3,0,0,27,0,4003
736,3,0,0,27,0,4003
737,3,0,0,27,0,4004
737,3,0,0,27,0,4004
738,3,0,0,27,0,4006
739,3,0,0,27,0,3996
739,3,0,0,27,0,3996
740,3,0,0,27,0,4008
741,3,0,0,27,0,4006
741,3,0,0,27,0,4006
742,3,0,0,27,0,4006
742,3,0,0,27,0,4006
743,3,0,0,27,0,4006
744,3,0,0,27,0,3997
744,3,0,0,27,0,3997
745,3,0,0,27,0,4001
745,3,0,0,27,0,4001
746,3,0,0,27,0,4009
747,3,0,0,27,0,3990
747,3,0,0,27,0,3990
748,3,0,0,27,0,3999
748,3,0,0,27,0,3999
749,3,0,0,27,0,3997
750,3,0,0,27,0,3986
750,3,0,0,27,0,3986
751,3,0,0,27,0,3997
752,3,0,0,27,0,3995
752,3,0,0,27,0,3995
753,3,0,0,27,0,4007
753,3,0,0,27,0,4007
754,3,0,0,27,0,3996
755,3,0,0,27,0,3985
755,3,0,0,27,0,3985
756,3,0,0,27,0,3979
756,3,0,0,27,0,3979
757,3,0,0,27,0,4001
758,3,0,0,27,0,3993
758,3,0,0,27,0,3993
759,3,0,0,27,0,3986
760,3,0,0,27,0,3982
760,3,0,0,27,0,3982
761,3,0,0,27,0,3977
761,3,0,0,27,0,3977
762,3,0,0,27,0,3977
762,3,0,0,27,0,3977
763,3,0,0,27,0,3978
764,3,0,0,27,0,3983
764,3,0,0,27,0,3983
765,3,0,0,27,0,3975
765,3,0,0,27,0,3975
766,3,0,0,27,0,3967
767,3,0,0,27,0,3970
767,3,0,0,27,0,3970
768,3,0,0,27,0,3984
769,3,0,0,27,0,3978
769,3,0,0,27,0,3978
770,3,0,0,27,0,3979
770,3,0,0,27,0,3979
771,3,0,0,27,0,3972
772,3,0,0,27,0,3971
772,3,0,0,27,0,3971
773,3,0,0,27,0,3969
773,3,0,0,27,0,3969
774,3,0,0,27,0,3965
775,3,0,0,27,0,3963
775,3,0,0,27,0,3963
776,3,0,0,27,0,3977
777,3,0,0,27,0,3989
777,3,0,0,27,0,3989
778,3,0,0,27,0,3967
778,3,0,0,27,0,3967
779,3,0,0,27,0,3972
780,3,0,0,27,0,3972
780,3,0,0,27,0,3972
781,3,0,0,27,0,3974
781,3,0,0,27,0,3974
782,3,0,0,27,0,3975
783,3,0,0,27,0,3974
783,3,0,0,27,0,3974
784,3,0,0,27,0,3980
785,3,0,0,27,0,3984
785,3,0,0,27,0,3984
786,3,0,0,27,0,3982
786,3,0,0,27,0,3982
787,3,0,0,27,0,3981
788,3,0,0,27,0,3956
788,3,0,0,27,0,3956
789,3,0,0,27,0,3983
789,3,0,0,27,0,3983
790,3,0,0,27,0,3977
790,3,0,0,27,0,3977
791,3,0,0,27,0,3963
792,3,0,0,27,0,3957
792,3,0,0,27,0,3957
793,3,0,0,27,0,3959
793,3,0,0,27,0,3959
794,3,0,0,27,0,3971
795,3,0,0,27,0,3964
795,3,0,0,27,0,3964
796,3,0,0,27,0,3970
797,3,0,0,27,0,3977
797,3,0,0,27,0,3977
798,3,0,0,27,0,3974
798,3,0,0,27,0,3974
799,3,0,0,27,0,3980
799,3,0,0,27,0,3980
800,3,0,0,27,0,3972
801,3,0,0,27,0,3988
801,3,0,0,27,0,3988
802,3,0,0,27,0,3992
802,3,0,0,27,0,3992
803,3,0,0,27,0,4008
803,3,0,0,27,0,4008
804,3,0,0,27,0,4004
805,3,0,0,27,0,3981
805,3,0,0,27,0,3981
806,3,0,0,27,0,3984
806,3,0,0,27,0,3984
807,3,0,0,27,0,3963
808,3,0,0,27,0,3985
808,3,0,0,27,0,3985
809,3,0,0,27,0,3967
809,3,0,0,27,0,3967
810,3,0,0,27,0,3976
810,3,0,0,27,0,3976
811,3,0,0,27,0,3972
812,3,0,0,27,0,3970
812,3,0,0,27,0,3970
813,3,0,0,27,0,3976
814,3,0,0,27,0,3965
814,3,0,0,27,0,3965
815,3,0,0,27,0,3963
815,3,0,0,27,0,3963
816,3,0,0,27,0,3944
817,3,0,0,27,0,3958
817,3,0,0,27,0,3958
818,3,0,0,27,0,3955
819,3,0,0,27,0,3956
819,3,0,0,27,0,3956
820,3,0,0,27,0,3963
820,3,0,0,27,0,3963
821,3,0,0,27,0,3944
822,3,0,0,27,0,3955
822,3,0,0,27,0,3955
823,3,0,0,27,0,3933
824,3,0,0,27,0,3960
824,3,0,0,27,0,3960
825,3,0,0,27,0,3948
826,3,0,0,27,0,3944
826,3,0,0,27,0,3944
827,3,0,0,27,0,3954
827,3,0,0,27,0,3954
828,3,0,0,27,0,3962
829,3,0,0,27,0,3930
829,3,0,0,27,0,3930
830,3,0,0,27,0,3907
831,3,0,0,27,0,3888
831,3,0,0,27,0,3888
832,3,0,0,27,0,3894
832,3,0,0,27,0,3894
833,3,0,0,27,0,3890
834,3,0,0,27,0,3873
834,3,0,0,27,0,3873
835,3,0,0,27,0,3875
836,3,0,0,27,0,3860
836,3,0,0,27,0,3860
837,3,0,0,27,0,3865
837,3,0,0,27,0,3865
838,3,0,0,27,0,3892
839,3,0,0,27,0,3875
839,3,0,0,27,0,3875
840,3,0,0,27,0,3886
840,3,0,0,27,0,3886
841,3,0,0,27,0,3896
842,3,0,0,27,0,3936
842,3,0,0,27,0,3936
843,3,0,0,27,0,3909
844,3,0,0,27,0,3936
844,3,0,0,27,0,3936
845,3,0,0,27,0,3946
845,3,0,0,27,0,3946
846,3,0,0,27,0,3940
847,3,0,0,27,0,3875
847,3,0,0,27,0,3875
848,3,0,0,27,0,3883
849,3,0,0,27,0,3879
849,3,0,0,27,0,3879
850,3,0,0,27,0,3849
850,3,0,0,27,0,3849
851,3,0,0,27,0,3873
852,3,0,0,27,0,3905
852,3,0,0,27,0,3905
853,3,0,0,27,0,3868
853,3,0,0,27,0,3868
854,3,0,0,27,0,3945
855,3,0,0,27,0,3933
855,3,0,0,27,0,3933
856,3,0,0,27,0,3940
856,3,0,0,27,0,3940
857,3,0,0,27,0,3926
858,3,0,0,27,0,3928
858,3,0,0,27,0,3928
859,3,0,0,27,0,3955
860,3,0,0,27,0,3944
860,3,0,0,27,0,3944
861,3,0,0,27,0,3979
861,3,0,0,27,0,3979
862,3,0,0,27,0,3960
863,3,0,0,27,0,3963
863,3,0,0,27,0,3963
864,3,0,0,27,0,3960
864,3,0,0,27,0,3960
865,3,0,0,27,0,3962
865,3,0,0,27,0,3962
866,3,0,0,27,0,3977
867,3,0,0,27,0,3975
867,3,0,0,27,0,3975
868,3,0,0,27,0,3976
869,3,0,0,27,0,3968
869,3,0,0,27,0,3968
870,3,0,0,27,0,3953
871,3,0,0,27,0,3952
871,3,0,0,27,0,3952
872,3,0,0,27,0,3974
872,3,0,0,27,0,3974
873,3,0,0,27,0,3971
874,3,0,0,27,0,3960
874,3,0,0,27,0,3960
875,3,0,0,27,0,3920
876,3,0,0,27,0,3947
876,3,0,0,27,0,3947
877,3,0,0,27,0,3936
877,3,0,0,27,0,3936
878,3,0,0,27,0,3922
879,3,0,0,27,0,3951
879,3,0,0,27,0,3951
880,3,0,0,27,0,3931
880,3,0,0,27,0,3931
881,3,0,0,27,0,3938
881,3,0,0,27,0,3938
882,3,0,0,27,0,3962
883,3,0,0,27,0,3944
883,3,0,0,27,0,3944
884,3,0,0,27,0,3946
884,3,0,0,27,0,3946
885,3,0,0,27,0,3945
886,3,0,0,27,0,3942
886,3,0,0,27,0,3942
887,3,0,0,27,0,3941
888,3,0,0,27,0,3952
888,3,0,0,27,0,3952
889,3,0,0,27,0,3946
890,3,0,0,27,0,3945
890,3,0,0,27,0,3945
891,3,0,0,27,0,3949
892,3,0,0,27,0,3944
892,3,0,0,27,0,3944
893,3,0,0,27,0,3945
893,3,0,0,27,0,3945
894,3,0,0,27,0,3936
895,3,0,0,27,0,3935
895,3,0,0,27,0,3935
896,3,0,0,27,0,3949
897,3,0,0,27,0,3961
897,3,0,0,27,0,3961
898,3,0,0,27,0,3971
898,3,0,0,27,0,3971
899,3,0,0,27,0,3982
900,3,0,0,27,0,3964
900,3,0,0,27,0,3964
901,3,0,0,27,0,3961
902,3,0,0,27,0,3955
902,3,0,0,27,0,3955
903,3,0,0,27,0,3968
903,3,0,0,27,0,3968
904,3,0,0,27,0,3958
905,3,0,0,27,0,3951
905,3,0,0,27,0,3951
906,3,0,0,27,0,3952
906,3,0,0,27,0,3952
907,3,0,0,27,0,3965
908,3,0,0,27,0,3957
908,3,0,0,27,0,3957
909,3,0,0,27,0,3964
909,3,0,0,27,0,3964
910,3,0,0,27,0,3981
911,3,0,0,27,0,3974
911,3,0,0,27,0,3974
912,3,0,0,27,0,3973
913,3,0,0,27,0,3974
913,3,0,0,27,0,3974
914,3,0,0,27,0,3969
914,3,0,0,27,0,3969
915,3,0,0,27,0,3968
916,3,0,0,27,0,3983
916,3,0,0,27,0,3983
917,3,0,0,27,0,3981
918,3,0,0,27,0,3966
918,3,0,0,27,0,3966
919,3,0,0,27,0,3969
919,3,0,0,27,0,3969
920,3,0,0,27,0,3971
921,3,0,0,27,0,3979
921,3,0,0,27,0,3979
922,3,0,0,27,0,3986
922,3,0,0,27,0,3986
923,3,0,0,27,0,3978
924,3,0,0,27,0,3969
924,3,0,0,27,0,3969
925,3,0,0,27,0,3968
926,3,0,0,27,0,3963
926,3,0,0,27,0,3963
927,3,0,0,27,0,3965
927,3,0,0,27,0,3965
928,3,0,0,27,0,3949
928,3,0,0,27,0,3949
929,3,0,0,27,0,3942
929,3,0,0,27,0,3942
930,3,0,0,27,0,3953
931,3,0,0,27,0,3947
931,3,0,0,27,0,3947
932,3,0,0,27,0,3963
932,3,0,0,27,0,3963
933,3,0,0,27,0,3963
934,3,0,0,27,0,3970
934,3,0,0,27,0,3970
935,3,0,0,27,0,3958
936,3,0,0,27,0,3962
936,3,0,0,27,0,3962
937,3,0,0,27,0,3963
937,3,0,0,27,0,3963
938,3,0,0,27,0,3957
939,3,0,0,27,0,3980
939,3,0,0,27,0,3980
940,3,0,0,27,0,3964
941,3,0,0,27,0,3952
941,3,0,0,27,0,3952
942,3,0,0,27,0,3945
942,3,0,0,27,0,3945
943,3,0,0,27,0,3962
943,3,0,0,27,0,3962
944,3,0,0,27,0,3953
945,3,0,0,27,0,3943
945,3,0,0,27,0,3943
946,3,0,0,27,0,3947
946,3,0,0,27,0,3947
947,3,0,0,27,0,3952
948,3,0,0,27,0,3951
948,3,0,0,27,0,3951
949,3,0,0,27,0,3961
950,3,0,0,27,0,3957
950,3,0,0,27,0,3957
951,3,0,0,27,0,3970
951,3,0,0,27,0,3970
952,3,0,0,27,0,3962
952,3,0,0,27,0,3962
953,3,0,0,27,0,3968
954,3,0,0,27,0,3964
954,3,0,0,27,0,3964
955,3,0,0,27,0,3963
955,3,0,0,27,0,3963
956,3,0,0,27,0,3966
957,3,0,0,27,0,3964
957,3,0,0,27,0,3964
958,3,0,0,27,0,3959
958,3,0,0,27,0,3959
959,3,0,0,27,0,3954
960,3,0,0,27,0,3954
960,3,0,0,27,0,3954
961,3,0,0,27,0,3931
961,3,0,0,27,0,3931
962,3,0,0,27,0,3948
963,3,0,0,27,0,3934
963,3,0,0,27,0,3934
964,3,0,0,27,0,3950
964,3,0,0,27,0,3950
965,3,0,0,27,0,3931
966,3,0,0,27,0,3949
966,3,0,0,27,0,3949
967,3,0,0,27,0,3940
967,3,0,0,27,0,3940
968,3,0,0,27,0,3937
969,3,0,0,27,0,3938
969,3,0,0,27,0,3938
970,3,0,0,27,0,3934
971,3,0,0,27,0,3956
971,3,0,0,27,0,3956
972,3,0,0,27,0,3958
973,3,0,0,27,0,3943
973,3,0,0,27,0,3943
974,3,0,0,27,0,3962
974,3,0,0,27,0,3962
975,3,0,0,27,0,3966
976,3,0,0,27,0,3950
976,3,0,0,27,0,3950
977,3,0,0,27,0,3941
977,3,0,0,27,0,3941
978,3,0,0,27,0,3940
979,3,0,0,27,0,3963
979,3,0,0,27,0,3963
980,3,0,0,27,0,3970
980,3,0,0,27,0,3970
981,3,0,0,27,0,3966
982,3,0,0,27,0,3954
982,3,0,0,27,0,3954
983,3,0,0,27,0,3960
984,3,0,0,27,0,3965
984,3,0,0,27,0,3965
985,3,0,0,27,0,3970
985,3,0,0,27,0,3970
986,3,0,0,27,0,3968
987,3,0,0,27,0,3966
987,3,0,0,27,0,3966
988,3,0,0,27,0,3953
989,3,0,0,27,0,3959
989,3,0,0,27,0,3959
990,3,0,0,27,0,3951
990,3,0,0,27,0,3951
991,3,0,0,27,0,3948
992,3,0,0,27,0,3955
992,3,0,0,27,0,3955
993,3,0,0,27,0,3975
993,3,0,0,27,0,3975
994,3,0,0,27,0,3953
995,3,0,0,27,0,3927
995,3,0,0,27,0,3927
996,3,0,0,27,0,3960
997,3,0,0,27,0,3947
997,3,0,0,27,0,3947
998,3,0,0,27,0,3953
998,3,0,0,27,0,3953
999,3,0,0,27,0,3962
1000,3,0,0,27,0,3951
1000,3,0,0,27,0,3951
1001,3,0,0,27,0,3951
1001,3,0,0,27,0,3951
1002,3,0,0,27,0,3956
1003,3,0,0,27,0,3955
1003,3,0,0,27,0,3955
1004,3,0,0,27,0,3955
1004,3,0,0,27,0,3955
1005,3,0,0,27,0,3950
1006,3,0,0,27,0,3976
1006,3,0,0,27,0,3976
1007,3,0,0,27,0,3962
1007,3,0,0,27,0,3962
1008,3,0,0,27,0,3953
1009,3,0,0,27,0,3965
1009,3,0,0,27,0,3965
1010,3,0,0,27,0,3965
1011,3,0,0,27,0,3958
1011,3,0,0,27,0,3958
1012,3,0,0,27,0,3955
1012,3,0,0,27,0,3955
1013,3,0,0,27,0,3962
1014,3,0,0,27,0,3972
1014,3,0,0,27,0,3972
1015,3,0,0,27,0,3958
1015,3,0,0,27,0,3958
1016,3,0,0,27,0,3959
1017,3,0,0,27,0,3954
1017,3,0,0,27,0,3954
1018,3,0,0,27,0,3950
1019,3,0,0,27,0,3952
1019,3,0,0,27,0,3952
1020,3,0,0,27,0,3946
1020,3,0,0,27,0,3946
1021,3,0,0,27,0,3964
1021,3,0,0,27,0,3964
1022,3,0,0,27,0,3961
1023,3,0,0,27,0,3947
1023,3,0,0,27,0,3947
1024,3,0,0,27,0,3958
1024,3,0,0,27,0,3958
1025,3,0,0,27,0,3967
1026,3,0,0,27,0,3952
1026,3,0,0,27,0,3952
1027,3,0,0,27,0,3948
1028,3,0,0,27,0,3947
1028,3,0,0,27,0,3947
1029,3,0,0,27,0,3964
1029,3,0,0,27,0,3964
1030,3,0,0,27,0,3939
1030,3,0,0,27,0,3939
1031,3,0,0,27,0,3950
1032,3,0,0,27,0,3952
1032,3,0,0,27,0,3952
1033,3,0,0,27,0,3951
1034,3,0,0,27,0,3961
1034,3,0,0,27,0,3961
1035,3,0,0,27,0,3946
1035,3,0,0,27,0,3946
1036,3,0,0,27,0,3961
1037,3,0,0,27,0,3977
1037,3,0,0,27,0,3977
1038,3,0,0,27,0,3957
1038,3,0,0,27,0,3957
1039,3,0,0,27,0,3963
1040,3,0,0,27,0,3957
1040,3,0,0,27,0,3957
1041,3,0,0,27,0,3953
1041,3,0,0,27,0,3953
1042,3,0,0,27,0,3949
1043,3,0,0,27,0,3967
1043,3,0,0,27,0,3967
1044,3,0,0,27,0,3958
1044,3,0,0,27,0,3958
1045,3,0,0,27,0,3949
1046,3,0,0,27,0,3946
1046,3,0,0,27,0,3946
1047,3,0,0,27,0,3935
1048,3,0,0,27,0,3931
1048,3,0,0,27,0,3931
1049,3,0,0,27,0,3942
1049,3,0,0,27,0,3942
1050,3,0,0,27,0,3939
1051,3,0,0,27,0,3932
1051,3,0,0,27,0,3932
1052,3,0,0,27,0,3946
1052,3,0,0,27,0,3946
1053,3,0,0,27,0,3937
1054,3,0,0,27,0,3932
1054,3,0,0,27,0,3932
1055,3,0,0,27,0,3912
1056,3,0,0,27,0,3893
1056,3,0,0,27,0,3893
1057,3,0,0,27,0,3899
1058,3,0,0,27,0,3922
1058,3,0,0,27,0,3922
1059,3,0,0,27,0,3924
1059,3,0,0,27,0,3924
1060,3,0,0,27,0,3898
1061,3,0,0,27,0,3922
1061,3,0,0,27,0,3922
1062,3,0,0,27,0,3931
1063,3,0,0,27,0,3914
1063,3,0,0,27,0,3914
1064,3,0,0,27,0,3924
1064,3,0,0,27,0,3924
1065,3,0,0,27,0,3918
1065,3,0,0,27,0,3918
1066,3,0,0,27,0,3923
1067,3,0,0,27,0,3925
1067,3,0,0,27,0,3925
1068,3,0,0,27,0,3939
1068,3,0,0,27,0,3939
1069,3,0,0,27,0,3932
1069,3,0,0,27,0,3932
1070,3,0,0,27,0,3934
1071,3,0,0,27,0,3933
1071,3,0,0,27,0,3933
1072,3,0,0,27,0,3925
1072,3,0,0,27,0,3925
1073,3,0,0,27,0,3929
1074,3,0,0,27,0,3936
1074,3,0,0,27,0,3936
1075,3,0,0,27,0,3927
1075,3,0,0,27,0,3927
1076,3,0,0,27,0,3924
1077,3,0,0,27,0,3930
1077,3,0,0,27,0,3930
1078,3,0,0,27,0,3937
1079,3,0,0,27,0,3927
1079,3,0,0,27,0,3927
1080,3,0,0,27,0,3930
1081,3,0,0,27,0,3917
1081,3,0,0,27,0,3917
1082,3,0,0,27,0,3913
1082,3,0,0,27,0,3913
1083,3,0,0,27,0,3924
1084,3,0,0,27,0,3925
1084,3,0,0,27,0,3925
1085,3,0,0,27,0,3918
1086,3,0,0,27,0,3923
1086,3,0,0,27,0,3923
1087,3,0,0,27,0,3926
1087,3,0,0,27,0,3926
1088,3,0,0,27,0,3934
1089,3,0,0,27,0,3934
1089,3,0,0,27,0,3934
1090,3,0,0,27,0,3938
1090,3,0,0,27,0,3938
1091,3,0,0,27,0,3929
1092,3,0,0,27,0,3941
1092,3,0,0,27,0,3941
1093,3,0,0,27,0,3935
1094,3,0,0,27,0,3987
1094,3,0,0,27,0,3987
1095,3,0,0,27,0,3936
1095,3,0,0,27,0,3936
1096,3,0,0,27,0,3926
1097,3,0,0,27,0,3930
1097,3,0,0,27,0,3930
1098,3,0,0,27,0,3937
1098,3,0,0,27,0,3937
1099,3,0,0,27,0,3952
1100,3,0,0,27,0,3941
1100,3,0,0,27,0,3941
1101,3,0,0,27,0,3931
1102,3,0,0,27,0,3943
1102,3,0,0,27,0,3943
1103,3,0,0,27,0,3923
1103,3,0,0,27,0,3923
1104,3,0,0,27,0,3932
1105,3,0,0,27,0,3928
1105,3,0,0,27,0,3928
1106,3,0,0,27,0,3937
1106,3,0,0,27,0,3937
1107,3,0,0,27,0,3946
1108,3,0,0,27,0,3936
1108,3,0,0,27,0,3936
1109,3,0,0,27,0,3928
1110,3,0,0,27,0,3929
1110,3,0,0,27,0,3929
1111,3,0,0,27,0,3941
1111,3,0,0,27,0,3941
1112,3,0,0,27,0,3927
1113,3,0,0,27,0,3935
1113,3,0,0,27,0,3935
1114,3,0,0,27,0,3920
1115,3,0,0,27,0,3964
1115,3,0,0,27,0,3964
1116,3,0,0,27,0,3910
1116,3,0,0,27,0,3910
1117,3,0,0,27,0,3923
1118,3,0,0,27,0,3913
1118,3,0,0,27,0,3913
1119,3,0,0,27,0,3926
1120,3,0,0,27,0,3929
1120,3,0,0,27,0,3929
1121,3,0,0,27,0,3926
1121,3,0,0,27,0,3926
1122,3,0,0,27,0,3938
1123,3,0,0,27,0,3933
1123,3,0,0,27,0,3933
1124,3,0,0,27,0,3954
1125,3,0,0,27,0,3960
1125,3,0,0,27,0,3960
1126,3,0,0,27,0,3954
1126,3,0,0,27,0,3954
1127,3,0,0,27,0,3962
1128,3,0,0,27,0,3942
1128,3,0,0,27,0,3942
1129,3,0,0,27,0,3945
1129,3,0,0,27,0,3945
1130,3,0,0,27,0,3948
1131,3,0,0,27,0,3931
1131,3,0,0,27,0,3931
1132,3,0,0,27,0,3939
1132,3,0,0,27,0,3939
1133,3,0,0,27,0,3908
1133,3,0,0,27,0,3908
1134,3,0,0,27,0,3909
1135,3,0,0,27,0,3882
1135,3,0,0,27,0,3882
1136,3,0,0,27,0,3894
1137,3,0,0,27,0,3907
1137,3,0,0,27,0,3907
1138,3,0,0,27,0,3870
1138,3,0,0,27,0,3870
1139,3,0,0,27,0,3881
1140,3,0,0,27,0,3863
1140,3,0,0,27,0,3863
1141,3,0,0,27,0,3839
1142,3,0,0,27,0,3859
1142,3,0,0,27,0,3859
1143,3,0,0,27,0,3837
1144,3,0,0,27,0,3848
1144,3,0,0,27,0,3848
1145,3,0,0,27,0,3853
1146,3,0,0,27,0,3845
1146,3,0,0,27,0,3845
1147,3,0,0,27,0,3824
1147,3,0,0,27,0,3824
1148,3,0,0,27,0,3829
1149,3,0,0,27,0,3833
1149,3,0,0,27,0,3833
1150,3,0,0,27,0,3823
1151,3,0,0,27,0,3818
1151,3,0,0,27,0,3818
1152,3,0,0,27,0,3802
1152,3,0,0,27,0,3802
1153,3,0,0,27,0,3817
1154,3,0,0,27,0,3843
1154,3,0,0,27,0,3843
1155,3,0,0,27,0,3828
1156,3,0,0,27,0,3810
1156,3,0,0,27,0,3810
1157,3,0,0,27,0,3817
1157,3,0,0,27,0,3817
1158,3,0,0,27,0,3808
1158,3,0,0,27,0,3808
1159,3,0,0,27,0,3831
1160,3,0,0,27,0,3827
1160,3,0,0,27,0,3827
1161,3,0,0,27,0,3816
1162,3,0,0,27,0,3828
1162,3,0,0,27,0,3828
1163,3,0,0,27,0,3828
1164,3,0,0,27,0,3807
1164,3,0,0,27,0,3807
1165,3,0,0,27,0,3832
1165,3,0,0,27,0,3832
1166,3,0,0,27,0,3829
1167,3,0,0,27,0,3805
1167,3,0,0,27,0,3805
1168,3,0,0,27,0,3816
1169,3,0,0,27,0,3811
1169,3,0,0,27,0,3811
1170,3,0,0,27,0,3830
1170,3,0,0,27,0,3830
1171,3,0,0,27,0,3840
1172,3,0,0,27,0,3845
1172,3,0,0,27,0,3845
1173,3,0,0,27,0,3851
1173,3,0,0,27,0,3851
1174,3,0,0,27,0,3869
1175,3,0,0,27,0,3828
1175,3,0,0,27,0,3828
1176,3,0,0,27,0,3834
1177,3,0,0,27,0,3877
1177,3,0,0,27,0,3877
1178,3,0,0,27,0,3871
1178,3,0,0,27,0,3871
1179,3,0,0,27,0,3881
1179,3,0,0,27,0,3881
1180,3,0,0,27,0,3881
1181,3,0,0,27,0,3879
1181,3,0,0,27,0,3879
1182,3,0,0,27,0,3863
1182,3,0,0,27,0,3863
1183,3,0,0,27,0,3865
1184,3,0,0,27,0,3875
1184,3,0,0,27,0,3875
1185,3,0,0,27,0,3865
1186,3,0,0,27,0,3852
1186,3,0,0,27,0,3852
1187,3,0,0,27,0,3850
1187,3,0,0,27,0,3850
1188,3,0,0,27,0,3829
1189,3,0,0,27,0,3838
1189,3,0,0,27,0,3838
1190,3,0,0,27,0,3843
1191,3,0,0,27,0,3853
1191,3,0,0,27,0,3853
1192,3,0,0,27,0,3846
1193,3,0,0,27,0,3858
1193,3,0,0,27,0,3858
1194,3,0,0,27,0,3871
1194,3,0,0,27,0,3871
1195,3,0,0,27,0,3847
1196,3,0,0,27,0,3850
1196,3,0,0,27,0,3850
1197,3,0,0,27,0,3842
1197,3,0,0,27,0,3842
1198,3,0,0,27,0,3843
1199,3,0,0,27,0,3854
1199,3,0,0,27,0,3854
1200,3,0,0,27,0,3857
1201,3,0,0,27,0,3842
1201,3,0,0,27,0,3842
1202,3,0,0,27,0,3847
1203,3,0,0,27,0,3876
1203,3,0,0,27,0,3876
1204,3,0,0,27,0,3851
1205,3,0,0,27,0,3886
1205,3,0,0,27,0,3886
1206,3,0,0,27,0,3857
1206,3,0,0,27,0,3857
1207,3,0,0,27,0,3880
1208,3,0,0,27,0,3872
1208,3,0,0,27,0,3872
1209,3,0,0,27,0,3880
1210,3,0,0,27,0,3861
1210,3,0,0,27,0,3861
1211,3,0,0,27,0,3898
1211,3,0,0,27,0,3898
1212,3,0,0,27,0,3882
1213,3,0,0,27,0,3889
1213,3,0,0,27,0,3889
1214,3,0,0,27,0,3893
1215,3,0,0,27,0,3885
1215,3,0,0,27,0,3885
1216,3,0,0,27,0,3891
1217,3,0,0,27,0,3892
1217,3,0,0,27,0,3892
1218,3,0,0,27,0,3897
1218,3,0,0,27,0,3897
1219,3,0,0,27,0,3894
1220,3,0,0,27,0,3876
1220,3,0,0,27,0,3876
1221,3,0,0,27,0,3889
1221,3,0,0,27,0,3889
1222,3,0,0,27,0,3861
1223,3,0,0,27,0,3918
1223,3,0,0,27,0,3918
1224,3,0,0,27,0,3867
1224,3,0,0,27,0,3867
1225,3,0,0,27,0,3887
1226,3,0,0,27,0,3875
1226,3,0,0,27,0,3875
1227,3,0,0,27,0,3862
1228,3,0,0,27,0,3887
1228,3,0,0,27,0,3887
1229,3,0,0,27,0,3892
1229,3,0,0,27,0,3892
1230,3,0,0,27,0,3891
1231,3,0,0,27,0,3875
1231,3,0,0,27,0,3875
1232,3,0,0,27,0,3904
1232,3,0,0,27,0,3904
1233,3,0,0,27,0,3885
1234,3,0,0,27,0,3865
1234,3,0,0,27,0,3865
1235,3,0,0,27,0,3885
1235,3,0,0,27,0,3885
1236,3,0,0,27,0,3880
1236,3,0,0,27,0,3880
1237,3,0,0,27,0,3884
1238,3,0,0,27,0,3883
1238,3,0,0,27,0,3883
1239,3,0,0,27,0,3889
1240,3,0,0,27,0,3907
1240,3,0,0,27,0,3907
1241,3,0,0,27,0,3907
1241,3,0,0,27,0,3907
1242,3,0,0,27,0,3916
1242,3,0,0,27,0,3916
1243,3,0,0,27,0,3909
1244,3,0,0,27,0,3912
1244,3,0,0,27,0,3912
1245,3,0,0,27,0,3887
1246,3,0,0,27,0,3900
1246,3,0,0,27,0,3900
1247,3,0,0,27,0,3880
1247,3,0,0,27,0,3880
1248,3,0,0,27,0,3868
1249,3,0,0,27,0,3899
1249,3,0,0,27,0,3899
1250,3,0,0,27,0,3906
1251,3,0,0,27,0,3897
1251,3,0,0,27,0,3897
1252,3,0,0,27,0,3911
1253,3,0,0,27,0,3906
1253,3,0,0,27,0,3906
1254,3,0,0,27,0,3914
1254,3,0,0,27,0,3914
1255,3,0,0,27,0,3910
1256,3,0,0,27,0,3922
1256,3,0,0,27,0,3922
1257,3,0,0,27,0,3912
1258,3,0,0,27,0,3918
1258,3,0,0,27,0,3918
1259,3,0,0,27,0,3924
1260,3,0,0,27,0,3912
1260,3,0,0,27,0,3912
1261,3,0,0,27,0,3906
1261,3,0,0,27,0,3906
1262,3,0,0,27,0,3909
1263,3,0,0,27,0,3901
1263,3,0,0,27,0,3901
1264,3,0,0,27,0,3899
1264,3,0,0,27,0,3899
1265,3,0,0,27,0,3887
1266,3,0,0,27,0,3911
1266,3,0,0,27,0,3911
1267,3,0,0,27,0,3913
1268,3,0,0,27,0,3910
1268,3,0,0,27,0,3910
1269,3,0,0,27,0,3911
1269,3,0,0,27,0,3911
1270,3,0,0,27,0,3908
1270,3,0,0,27,0,3908
1271,3,0,0,27,0,3898
1272,3,0,0,27,0,3913
1272,3,0,0,27,0,3913
1273,3,0,0,27,0,3908
1274,3,0,0,27,0,3889
1274,3,0,0,27,0,3889
1275,3,0,0,27,0,3894
1275,3,0,0,27,0,3894
1276,3,0,0,27,0,3887
1277,3,0,0,27,0,3899
1277,3,0,0,27,0,3899
1278,3,0,0,27,0,3896
1278,3,0,0,27,0,3896
1279,3,0,0,27,0,3912
1279,3,0,0,27,0,3912
1280,3,0,0,27,0,3901
1280,3,0,0,27,0,3901
1280,3,0,0,27,0,3901
1281,3,0,0,27,0,3896
1281,3,0,0,27,0,3896
1282,3,0,0,27,0,3903
1282,3,0,0,27,0,3903
1283,3,0,0,27,0,3915
1283,3,0,0,27,0,3915
1284,3,0,0,27,0,3911
1285,3,0,0,27,0,3923
1285,3,0,0,27,0,3923
1286,3,0,0,27,0,3918
1286,3,0,0,27,0,3918
1286,3,0,0,27,0,3918
1287,3,0,0,27,0,3924
1287,3,0,0,27,0,3924
1288,3,0,0,27,0,3917
1288,3,0,0,27,0,3917
1289,3,0,0,27,0,3919
1289,3,0,0,27,0,3919
1290,3,0,0,27,0,3889
1290,3,0,0,27,0,3889
1291,3,0,0,27,0,3916
1292,3,0,0,27,0,3908
1292,3,0,0,27,0,3908
1293,3,0,0,27,0,3908
1293,3,0,0,27,0,3908
1294,3,0,0,27,0,3900
1295,3,0,0,27,0,3889
1295,3,0,0,27,0,3889
1296,3,0,0,27,0,3876
1296,3,0,0,27,0,3876
1297,3,0,0,27,0,3908
1298,3,0,0,27,0,3884
1298,3,0,0,27,0,3884
1299,3,0,0,27,0,3906
1300,3,0,0,27,0,3898
1300,3,0,0,27,0,3898
1301,3,0,0,27,0,3900
1301,3,0,0,27,0,3900
1302,3,0,0,27,0,3892
1303,3,0,0,27,0,3917
1303,3,0,0,27,0,3917
1304,3,0,0,27,0,3910
1305,3,0,0,27,0,3913
1305,3,0,0,27,0,3913
1306,3,0,0,27,0,3893
1306,3,0,0,27,0,3893
1307,3,0,0,27,0,3929
1307,3,0,0,27,0,3929
1308,3,0,0,27,0,3914
1309,3,0,0,27,0,3911
1309,3,0,0,27,0,3911
1310,3,0,0,27,0,3901
1310,3,0,0,27,0,3901
1311,3,0,0,27,0,3892
1311,3,0,0,27,0,3892
1312,3,0,0,27,0,3918
1313,3,0,0,27,0,3908
1313,3,0,0,27,0,3908
1314,3,0,0,27,0,3913
1314,3,0,0,27,0,3913
1315,3,0,0,27,0,3921
1316,3,0,0,27,0,3913
1316,3,0,0,27,0,3913
1317,3,0,0,27,0,3913
1317,3,0,0,27,0,3913
1318,3,0,0,27,0,3929
1319,3,0,0,27,0,3932
1319,3,0,0,27,0,3932
1320,3,0,0,27,0,3926
1321,3,0,0,27,0,3945
1321,3,0,0,27,0,3945
1322,3,0,0,27,0,3948
1322,3,0,0,27,0,3948
1323,3,0,0,27,0,3940
1323,3,0,0,27,0,3940
1324,3,0,0,27,0,3942
1325,3,0,0,27,0,3948
1325,3,0,0,27,0,3948
1326,3,0,0,27,0,3957
1327,3,0,0,27,0,3945
1327,3,0,0,27,0,3945
1328,3,0,0,27,0,3938
1328,3,0,0,27,0,3938
1329,3,0,0,27,0,3949
1330,3,0,0,27,0,3948
1330,3,0,0,27,0,3948
1331,3,0,0,27,0,3945
1331,3,0,0,27,0,3945
1332,3,0,0,27,0,3943
1332,3,0,0,27,0,3943
1333,3,0,0,27,0,3944
1333,3,0,0,27,0,3944
1334,3,0,0,27,0,3946
1334,3,0,0,27,0,3946
1335,3,0,0,27,0,3939
1336,3,0,0,27,0,3943
1336,3,0,0,27,0,3943
1337,3,0,0,27,0,3935
1337,3,0,0,27,0,3935
1338,3,0,0,27,0,3919
1338,3,0,0,27,0,3919
1339,3,0,0,27,0,3929
1340,3,0,0,27,0,3922
1340,3,0,0,27,0,3922
1341,3,0,0,27,0,3924
1342,3,0,0,27,0,3930
1342,3,0,0,27,0,3930
1343,3,0,0,27,0,3927
1343,3,0,0,27,0,3927
1344,3,0,0,27,0,3936
1345,3,0,0,27,0,3931
1345,3,0,0,27,0,3931
1346,3,0,0,27,0,3934
1347,3,0,0,27,0,3936
1347,3,0,0,27,0,3936
1348,3,0,0,27,0,3939
1348,3,0,0,27,0,3939
1349,3,0,0,27,0,3937
1350,3,0,0,27,0,3943
1350,3,0,0,27,0,3943
1351,3,0,0,27,0,3946
1351,3,0,0,27,0,3946
1352,3,0,0,27,0,3936
1353,3,0,0,27,0,3947
1353,3,0,0,27,0,3947
1354,3,0,0,27,0,3937
1354,3,0,0,27,0,3937
1355,3,0,0,27,0,3948
1355,3,0,0,27,0,3948
1356,3,0,0,27,0,3956
1356,3,0,0,27,0,3956
1357,3,0,0,27,0,3945
1357,3,0,0,27,0,3945
1358,3,0,0,27,0,3939
1358,3,0,0,27,0,3939
1359,3,0,0,27,0,3930
1360,3,0,0,27,0,3953
1360,3,0,0,27,0,3953
1361,3,0,0,27,0,3939
1361,3,0,0,27,0,3939
1362,3,0,0,27,0,3945
1362,3,0,0,27,0,3945
1363,3,0,0,27,0,3938
1364,3,0,0,27,0,3931
1364,3,0,0,27,0,3931
1365,3,0,0,27,0,3919
1365,3,0,0,27,0,3919
1366,3,0,0,27,0,3920
1367,3,0,0,27,0,3925
1367,3,0,0,27,0,3925
1368,3,0,0,27,0,3915
1368,3,0,0,27,0,3915
1369,3,0,0,27,0,3917
1369,3,0,0,27,0,3917
1370,3,0,0,27,0,3917
1371,3,0,0,27,0,3931
1371,3,0,0,27,0,3931
1372,3,0,0,27,0,3945
1373,3,0,0,27,0,3934
1373,3,0,0,27,0,3934
1374,3,0,0,27,0,3928
1374,3,0,0,27,0,3928
1375,3,0,0,27,0,3939
1375,3,0,0,27,0,3939
1376,3,0,0,27,0,3946
1376,3,0,0,27,0,3946
1377,3,0,0,27,0,3932
1378,3,0,0,27,0,3944
1378,3,0,0,27,0,3944
1379,3,0,0,27,0,3945
1380,3,0,0,27,0,3938
1380,3,0,0,27,0,3938
1381,3,0,0,27,0,3934
1381,3,0,0,27,0,3934
1382,3,0,0,27,0,3933
1383,3,0,0,27,0,3927
1383,3,0,0,27,0,3927
1384,3,0,0,27,0,3937
1384,3,0,0,27,0,3937
1385,3,0,0,27,0,3938
1385,3,0,0,27,0,3938
1386,3,0,0,27,0,3935
1386,3,0,0,27,0,3935
1387,3,0,0,27,0,3934
1388,3,0,0,27,0,3934
1388,3,0,0,27,0,3934
1388,3,0,0,27,0,3934
1389,3,0,0,27,0,3925
1389,3,0,0,27,0,3925
1390,3,0,0,27,0,3940
1391,3,0,0,27,0,3941
1391,3,0,0,27,0,3941
1392,3,0,0,27,0,3947
1392,3,0,0,27,0,3947
1393,3,0,0,27,0,3947
1393,3,0,0,27,0,3947
1394,3,0,0,27,0,3941
1395,3,0,0,27,0,3959
1395,3,0,0,27,0,3959
1396,3,0,0,27,0,3930
1397,3,0,0,27,0,3950
1397,3,0,0,27,0,3950
1398,3,0,0,27,0,3940
1398,3,0,0,27,0,3940
1399,3,0,0,27,0,3943
1400,3,0,0,27,0,3950
1400,3,0,0,27,0,3950
1401,3,0,0,27,0,3950
1401,3,0,0,27,0,3950
1402,3,0,0,27,0,3947
1403,3,0,0,27,0,3950
1403,3,0,0,27,0,3950
1404,3,0,0,27,0,3953
1405,3,0,0,27,0,3947
1405,3,0,0,27,0,3947
1406,3,0,0,27,0,3946
1406,3,0,0,27,0,3946
1407,3,0,0,27,0,3946
1408,3,0,0,27,0,3935
1408,3,0,0,27,0,3935
1409,3,0,0,27,0,3946
1409,3,0,0,27,0,3946
1410,3,0,0,27,0,3953
1410,3,0,0,27,0,3953
1411,3,0,0,27,0,3938
1412,3,0,0,27,0,3938
1412,3,0,0,27,0,3938
1413,3,0,0,27,0,3955
1414,3,0,0,27,0,3963
1414,3,0,0,27,0,3963
1415,3,0,0,27,0,3952
1415,3,0,0,27,0,3952
1416,3,0,0,27,0,3948
1417,3,0,0,27,0,3950
1417,3,0,0,27,0,3950
1418,3,0,0,27,0,3938
1418,3,0,0,27,0,3938
1419,3,0,0,27,0,3946
1420,3,0,0,27,0,3946
1420,3,0,0,27,0,3946
1421,3,0,0,27,0,3958
1422,3,0,0,27,0,3960
1422,3,0,0,27,0,3960
1423,3,0,0,27,0,3941
1423,3,0,0,27,0,3941
1424,3,0,0,27,0,3963
1424,3,0,0,27,0,3963
1425,3,0,0,27,0,3966
1426,3,0,0,27,0,3963
1426,3,0,0,27,0,3963
1427,3,0,0,27,0,3958
1427,3,0,0,27,0,3958
1428,3,0,0,27,0,3945
1429,3,0,0,27,0,3959
1429,3,0,0,27,0,3959
1430,3,0,0,27,0,3951
1430,3,0,0,27,0,3951
1431,3,0,0,27,0,3973
1432,3,0,0,27,0,3970
1432,3,0,0,27,0,3970
1433,3,0,0,27,0,3966
1433,3,0,0,27,0,3966
1434,3,0,0,27,0,3947
1435,3,0,0,27,0,3929
1435,3,0,0,27,0,3929
1436,3,0,0,27,0,3930
1436,3,0,0,27,0,3930
1437,3,0,0,27,0,3935
1438,3,0,0,27,0,3946
1438,3,0,0,27,0,3946
1439,3,0,0,27,0,3965
1439,3,0,0,27,0,3965
1440,3,0,0,27,0,3960
1441,3,0,0,27,0,3963
1441,3,0,0,27,0,3963
1442,3,0,0,27,0,3956
1442,3,0,0,27,0,3956
1443,3,0,0,27,0,3946
1444,3,0,0,27,0,3956
1444,3,0,0,27,0,3956
1445,3,0,0,27,0,3951
1445,3,0,0,27,0,3951
1446,3,0,0,27,0,3950
1447,3,0,0,27,0,3942
1447,3,0,0,27,0,3942
1448,3,0,0,27,0,3949
1449,3,0,0,27,0,3933
1449,3,0,0,27,0,3933
1450,3,0,0,27,0,3941
1450,3,0,0,27,0,3941
1451,3,0,0,27,0,3939
1452,3,0,0,27,0,3933
1452,3,0,0,27,0,3933
1453,3,0,0,27,0,3940
1453,3,0,0,27,0,3940
1454,3,0,0,27,0,3942
1455,3,0,0,27,0,3940
1455,3,0,0,27,0,3940
1456,3,0,0,27,0,3931
1456,3,0,0,27,0,3931
1457,3,0,0,27,0,3941
1458,3,0,0,27,0,3924
1458,3,0,0,27,0,3924
1459,3,0,0,27,0,3942
1459,3,0,0,27,0,3942
1460,3,0,0,27,0,3946
1461,3,0,0,27,0,3946
1461,3,0,0,27,0,3946
1461,3,0,0,27,0,3946
1462,3,0,0,27,0,3935
1463,3,0,0,27,0,3937
1463,3,0,0,27,0,3937
1464,3,0,0,27,0,3952
1464,3,0,0,27,0,3952
1465,3,0,0,27,0,3933
1465,3,0,0,27,0,3933
1466,3,0,0,27,0,3932
1467,3,0,0,27,0,3944
1467,3,0,0,27,0,3944
1468,3,0,0,27,0,3952
1469,3,0,0,27,0,3954
1469,3,0,0,27,0,3954
1470,3,0,0,27,0,3930
1470,3,0,0,27,0,3930
1471,3,0,0,27,0,3924
1472,3,0,0,27,0,3935
1472,3,0,0,27,0,3935
1473,3,0,0,27,0,3927
1474,3,0,0,27,0,3949
1474,3,0,0,27,0,3949
1475,3,0,0,27,0,3950
1475,3,0,0,27,0,3950
1476,3,0,0,27,0,3938
1477,3,0,0,27,0,3952
1477,3,0,0,27,0,3952
1478,3,0,0,27,0,3949
1478,3,0,0,27,0,3949
1479,3,0,0,27,0,3932
1479,3,0,0,27,0,3932
1480,3,0,0,27,0,3953
1481,3,0,0,27,0,3951
1481,3,0,0,27,0,3951
1482,3,0,0,27,0,3968
1483,3,0,0,27,0,3958
1483,3,0,0,27,0,3958
1484,3,0,0,27,0,3940
1484,3,0,0,27,0,3940
1485,3,0,0,27,0,3948
1486,3,0,0,27,0,3940
1486,3,0,0,27,0,3940
1487,3,0,0,27,0,3938
1487,3,0,0,27,0,3938
1488,3,0,0,27,0,3943
1489,3,0,0,27,0,3942
1489,3,0,0,27,0,3942
1490,3,0,0,27,0,3941
1490,3,0,0,27,0,3941
1491,3,0,0,27,0,3944
1492,3,0,0,27,0,3959
1492,3,0,0,27,0,3959
1493,3,0,0,27,0,3956
1493,3,0,0,27,0,3956
1494,3,0,0,27,0,3954
1495,3,0,0,27,0,3962
1495,3,0,0,27,0,3962
1495,3,0,0,27,0,3962
1496,3,0,0,27,0,3980
1497,3,0,0,27,0,3968
1497,3,0,0,27,0,3968
1498,3,0,0,27,0,3960
1498,3,0,0,27,0,3960
1499,3,0,0,27,0,3957
1499,3,0,0,27,0,3957
1500,3,0,0,27,0,3957
1500,3,0,0,27,0,3957
1501,3,0,0,27,0,3965
1501,3,0,0,27,0,3965
1502,3,0,0,27,0,3971
1502,3,0,0,27,0,3971
1503,3,0,0,27,0,3968
1503,3,0,0,27,0,3968
1504,3,0,0,27,0,3971
1504,3,0,0,27,0,3971
1505,3,0,0,27,0,3974
1505,3,0,0,27,0,3974
1506,3,0,0,27,0,3961
1506,3,0,0,27,0,3961
1507,3,0,0,27,0,3960
1507,3,0,0,27,0,3960
1508,3,0,0,27,0,3936
1509,3,0,0,27,0,3945
1509,3,0,0,27,0,3945
1510,3,0,0,27,0,3938
1510,3,0,0,27,0,3938
1511,3,0,0,27,0,3941
1511,3,0,0,27,0,3941
1512,3,0,0,27,0,3957
1512,3,0,0,27,0,3957
1513,3,0,0,27,0,3951
1514,3,0,0,27,0,3948
1514,3,0,0,27,0,3948
1514,3,0,0,27,0,3948
1515,3,0,0,27,0,3965
1516,3,0,0,27,0,3975
1516,3,0,0,27,0,3975
1517,3,0,0,27,0,3971
1517,3,0,0,27,0,3971
1518,3,0,0,27,0,3966
1518,3,0,0,27,0,3966
1519,3,0,0,27,0,3969
1520,3,0,0,27,0,3975
1520,3,0,0,27,0,3975
1521,3,0,0,27,0,3959
1521,3,0,0,27,0,3959
1522,3,0,0,27,0,3973
1522,3,0,0,27,0,3973
1523,3,0,0,27,0,3975
1523,3,0,0,27,0,3975
1524,3,0,0,27,0,3971
1524,3,0,0,27,0,3971
1525,3,0,0,27,0,3967
1525,3,0,0,27,0,3967
1526,3,0,0,27,0,3980
1526,3,0,0,27,0,3980
1527,3,0,0,27,0,3972
1527,3,0,0,27,0,3972
1528,3,0,0,27,0,3980
1529,3,0,0,27,0,3972
1529,3,0,0,27,0,3972
1530,3,0,0,27,0,3969
1530,3,0,0,27,0,3969
1531,3,0,0,27,0,3959
1531,3,0,0,27,0,3959
1532,3,0,0,27,0,3979
1532,3,0,0,27,0,3979
1533,3,0,0,27,0,3978
1534,3,0,0,27,0,3962
1534,3,0,0,27,0,3962
1535,3,0,0,27,0,3958
1535,3,0,0,27,0,3958
1536,3,0,0,27,0,3972
1536,3,0,0,27,0,3972
1537,3,0,0,27,0,3962
1537,3,0,0,27,0,3962
1538,3,0,0,27,0,3959
1539,3,0,0,27,0,3965
1539,3,0,0,27,0,3965
1540,3,0,0,27,0,3968
1540,3,0,0,27,0,3968
1541,3,0,0,27,0,3965
1541,3,0,0,27,0,3965
1542,3,0,0,27,0,3970
1542,3,0,0,27,0,3970
1543,3,0,0,27,0,3992
1543,3,0,0,27,0,3992
1544,3,0,0,27,0,3952
1545,3,0,0,27,0,3978
1545,3,0,0,27,0,3978
1546,3,0,0,27,0,3972
1546,3,0,0,27,0,3972
1547,3,0,0,27,0,3971
1547,3,0,0,27,0,3971
1548,3,0,0,27,0,3945
1548,3,0,0,27,0,3945
1549,3,0,0,27,0,3953
1550,3,0,0,27,0,3951
1550,3,0,0,27,0,3951
1551,3,0,0,27,0,3955
1551,3,0,0,27,0,3955
1552,3,0,0,27,0,3950
1552,3,0,0,27,0,3950
1553,3,0,0,27,0,3966
1554,3,0,0,27,0,3961
1554,3,0,0,27,0,3961
1555,3,0,0,27,0,3963
1555,3,0,0,27,0,3963
1556,3,0,0,27,0,3965
1556,3,0,0,27,0,3965
1557,3,0,0,27,0,3964
1557,3,0,0,27,0,3964
1558,3,0,0,27,0,3955
1558,3,0,0,27,0,3955
1559,3,0,0,27,0,3952
1560,3,0,0,27,0,3958
1560,3,0,0,27,0,3958
1561,3,0,0,27,0,3952
1561,3,0,0,27,0,3952
1562,3,0,0,27,0,3945
1562,3,0,0,27,0,3945
1563,3,0,0,27,0,3967
1563,3,0,0,27,0,3967
1564,3,0,0,27,0,3970
1564,3,0,0,27,0,3970
1565,3,0,0,27,0,3958
1565,3,0,0,27,0,3958
1566,3,0,0,27,0,3985
1566,3,0,0,27,0,3985
1567,3,0,0,27,0,3962
1567,3,0,0,27,0,3962
1568,3,0,0,27,0,3962
1568,3,0,0,27,0,3962
1569,3,0,0,27,0,3967
1569,3,0,0,27,0,3967
1570,3,0,0,27,0,3981
1570,3,0,0,27,0,3981
1571,3,0,0,27,0,3978
1571,3,0,0,27,0,3978
1572,3,0,0,27,0,3984
1572,3,0,0,27,0,3984
1573,3,0,0,27,0,3975
1573,3,0,0,27,0,3975
1574,3,0,0,27,0,3978
1575,3,0,0,27,0,3976
1575,3,0,0,27,0,3976
1576,3,0,0,27,0,3971
1576,3,0,0,27,0,3971
1577,3,0,0,27,0,3971
1577,3,0,0,27,0,3971
1578,3,0,0,27,0,3972
1578,3,0,0,27,0,3972
1579,3,0,0,27,0,3988
1579,3,0,0,27,0,3988
1580,3,0,0,27,0,3986
1581,3,0,0,27,0,3994
1581,3,0,0,27,0,3994
1581,3,0,0,27,0,3994
1582,3,0,0,27,0,3989
1583,3,0,0,27,0,3990
1583,3,0,0,27,0,3990
1584,3,0,0,27,0,4003
1584,3,0,0,27,0,4003
1585,3,0,0,27,0,3980
1585,3,0,0,27,0,3980
1586,3,0,0,27,0,3974
1586,3,0,0,27,0,3974
1587,3,0,0,27,0,4000
1587,3,0,0,27,0,4000
1588,3,0,0,27,0,4002
1589,3,0,0,27,0,4003
1589,3,0,0,27,0,4003
1590,3,0,0,27,0,3991
1590,3,0,0,27,0,3991
1591,3,0,0,27,0,3982
1591,3,0,0,27,0,3982
1592,3,0,0,27,0,3981
1592,3,0,0,27,0,3981
1593,3,0,0,27,0,3997
1593,3,0,0,27,0,3997
1593,3,0,0,27,0,3997
1594,3,0,0,27,0,3991
1594,3,0,0,27,0,3991
1595,3,0,0,27,0,3993
1596,3,0,0,27,0,3979
1596,3,0,0,27,0,3979
1597,3,0,0,27,0,3980
1597,3,0,0,27,0,3980
1598,3,0,0,27,0,3989
1598,3,0,0,27,0,3989
1599,3,0,0,27,0,4002
1599,3,0,0,27,0,4002
1600,3,0,0,27,0,3986
1600,3,0,0,27,0,3986
1601,3,0,0,27,0,3992
1601,3,0,0,27,0,3992
1602,3,0,0,27,0,3998
1602,3,0,0,27,0,3998
1603,3,0,0,27,0,3973
1603,3,0,0,27,0,3973
1604,3,0,0,27,0,3972
1605,3,0,0,27,0,3986
1605,3,0,0,27,0,3986
1606,3,0,0,27,0,3969
1606,3,0,0,27,0,3969
1607,3,0,0,27,0,3979
1607,3,0,0,27,0,3979
1608,3,0,0,27,0,3965
1608,3,0,0,27,0,3965
1608,3,0,0,27,0,3965
1609,3,0,0,27,0,3977
1609,3,0,0,27,0,3977
1610,3,0,0,27,0,3973
1610,3,0,0,27,0,3973
1611,3,0,0,27,0,3981
1611,3,0,0,27,0,3981
1612,3,0,0,27,0,3989
1612,3,0,0,27,0,3989
1612,3,0,0,27,0,3989
1613,3,0,0,27,0,3974
1613,3,0,0,27,0,3974
1614,3,0,0,27,0,3981
1614,3,0,0,27,0,3981
1615,3,0,0,27,0,3975
1615,3,0,0,27,0,3975
1616,3,0,0,27,0,3981
1616,3,0,0,27,0,3981
1617,3,0,0,27,0,3987
1617,3,0,0,27,0,3987
1618,3,0,0,27,0,3994
1618,3,0,0,27,0,3994
1619,3,0,0,27,0,3995
1619,3,0,0,27,0,3995
1620,3,0,0,27,0,3985
1620,3,0,0,27,0,3985
1621,3,0,0,27,0,3989
1621,3,0,0,27,0,3989
1622,3,0,0,27,0,3987
1622,3,0,0,27,0,3987
1623,3,0,0,27,0,3981
1623,3,0,0,27,0,3981
1624,3,0,0,27,0,3990
1624,3,0,0,27,0,3990
1625,3,0,0,27,0,3979
1625,3,0,0,27,0,3979
1626,3,0,0,27,0,3997
1626,3,0,0,27,0,3997
1627,3,0,0,27,0,3993
1627,3,0,0,27,0,3993
1628,3,0,0,27,0,3974
1629,3,0,0,27,0,3970
1629,3,0,0,27,0,3970
1630,3,0,0,27,0,3976
1630,3,0,0,27,0,3976
1631,3,0,0,27,0,3983
1631,3,0,0,27,0,3983
1632,3,0,0,27,0,3965
1633,3,0,0,27,0,3977
1633,3,0,0,27,0,3977
1634,3,0,0,27,0,3952
1634,3,0,0,27,0,3952
1635,3,0,0,27,0,3964
1635,3,0,0,27,0,3964
1636,3,0,0,27,0,3958
1636,3,0,0,27,0,3958
1637,3,0,0,27,0,3963
1638,3,0,0,27,0,3955
1638,3,0,0,27,0,3955
1639,3,0,0,27,0,3950
1639,3,0,0,27,0,3950
1640,3,0,0,27,0,3944
1640,3,0,0,27,0,3944
1641,3,0,0,27,0,3945
1641,3,0,0,27,0,3945
1642,3,0,0,27,0,3961
1643,3,0,0,27,0,3947
1643,3,0,0,27,0,3947
1644,3,0,0,27,0,3969
1644,3,0,0,27,0,3969
1645,3,0,0,27,0,3957
1645,3,0,0,27,0,3957
1646,3,0,0,27,0,3954
1646,3,0,0,27,0,3954
1647,3,0,0,27,0,3952
1648,3,0,0,27,0,3951
1648,3,0,0,27,0,3951
1649,3,0,0,27,0,3955
1649,3,0,0,27,0,3955
1650,3,0,0,27,0,3964
1650,3,0,0,27,0,3964
1651,3,0,0,27,0,3970
1651,3,0,0,27,0,3970
1652,3,0,0,27,0,3961
1653,3,0,0,27,0,3961
1653,3,0,0,27,0,3961
1654,3,0,0,27,0,3960
1654,3,0,0,27,0,3960
1655,3,0,0,27,0,3975
1655,3,0,0,27,0,3975
1656,3,0,0,27,0,3960
1656,3,0,0,27,0,3960
1657,3,0,0,27,0,3959
1658,3,0,0,27,0,3963
1658,3,0,0,27,0,3963
1659,3,0,0,27,0,3978
1659,3,0,0,27,0,3978
1660,3,0,0,27,0,3954
1660,3,0,0,27,0,3954
1661,3,0,0,27,0,3968
1662,3,0,0,27,0,3959
1662,3,0,0,27,0,3959
1663,3,0,0,27,0,3950
1663,3,0,0,27,0,3950
1664,3,0,0,27,0,3942
1664,3,0,0,27,0,3942
1665,3,0,0,27,0,3945
1666,3,0,0,27,0,3963
1666,3,0,0,27,0,3963
1667,3,0,0,27,0,3950
1667,3,0,0,27,0,3950
1668,3,0,0,27,0,3949
1668,3,0,0,27,0,3949
1669,3,0,0,27,0,3959
1669,3,0,0,27,0,3959
1670,3,0,0,27,0,3964
1671,3,0,0,27,0,3961
1671,3,0,0,27,0,3961
1672,3,0,0,27,0,3952
1672,3,0,0,27,0,3952
1673,3,0,0,27,0,3962
1673,3,0,0,27,0,3962
1674,3,0,0,27,0,3964
1674,3,0,0,27,0,3964
1675,3,0,0,27,0,3942
1675,3,0,0,27,0,3942
1676,3,0,0,27,0,3947
1676,3,0,0,27,0,3947
1677,3,0,0,27,0,3951
1677,3,0,0,27,0,3951
1678,3,0,0,27,0,3965
1678,3,0,0,27,0,3965
1679,3,0,0,27,0,3951
1679,3,0,0,27,0,3951
1679,3,0,0,27,0,3951
1680,3,0,0,27,0,3971
1680,3,0,0,27,0,3971
1681,3,0,0,27,0,3951
1681,3,0,0,27,0,3951
1682,3,0,0,27,0,3962
1682,3,0,0,27,0,3962
1683,3,0,0,27,0,3967
1684,3,0,0,27,0,3947
1684,3,0,0,27,0,3947
1685,3,0,0,27,0,3962
1685,3,0,0,27,0,3962
1686,3,0,0,27,0,3955
1686,3,0,0,27,0,3955
1687,3,0,0,27,0,3957
1687,3,0,0,27,0,3957
1688,3,0,0,27,0,3961
1688,3,0,0,27,0,3961
1689,3,0,0,27,0,3961
1690,3,0,0,27,0,3954
1690,3,0,0,27,0,3954
1691,3,0,0,27,0,3959
1691,3,0,0,27,0,3959
1692,3,0,0,27,0,3945
1692,3,0,0,27,0,3945
1693,3,0,0,27,0,3946
1693,3,0,0,27,0,3946
1694,3,0,0,27,0,3951
1694,3,0,0,27,0,3951
1695,3,0,0,27,0,3947
1696,3,0,0,27,0,3961
1696,3,0,0,27,0,3961
1697,3,0,0,27,0,3962
1697,3,0,0,27,0,3962
1698,3,0,0,27,0,3967
1699,3,0,0,27,0,3960
1699,3,0,0,27,0,3960
1700,3,0,0,27,0,3970
1700,3,0,0,27,0,3970
1701,3,0,0,27,0,3959
1702,3,0,0,27,0,3956
1702,3,0,0,27,0,3956
1703,3,0,0,27,0,3974
1703,3,0,0,27,0,3974
1704,3,0,0,27,0,3958
1704,3,0,0,27,0,3958
1705,3,0,0,27,0,3951
1705,3,0,0,27,0,3951
1706,3,0,0,27,0,3947
1706,3,0,0,27,0,3947
1707,3,0,0,27,0,3974
1708,3,0,0,27,0,3962
1708,3,0,0,27,0,3962
1709,3,0,0,27,0,3955
1709,3,0,0,27,0,3955
1710,3,0,0,27,0,3960
1711,3,0,0,27,0,3974
1711,3,0,0,27,0,3974
1711,3,0,0,27,0,3974
1712,3,0,0,27,0,3968
1712,3,0,0,27,0,3968
1713,3,0,0,27,0,3970
1713,3,0,0,27,0,3970
1714,3,0,0,27,0,3953
1714,3,0,0,27,0,3953
1715,3,0,0,27,0,3963
1715,3,0,0,27,0,3963
1716,3,0,0,27,0,3957
1717,3,0,0,27,0,3968
1717,3,0,0,27,0,3968
1718,3,0,0,27,0,3965
1718,3,0,0,27,0,3965
1719,3,0,0,27,0,3973
1719,3,0,0,27,0,3973
1720,3,0,0,27,0,3968
1720,3,0,0,27,0,3968
1721,3,0,0,27,0,3980
1722,3,0,0,27,0,3985
1722,3,0,0,27,0,3985
1723,3,0,0,27,0,3975
1723,3,0,0,27,0,3975
1724,3,0,0,27,0,3965
1724,3,0,0,27,0,3965
1725,3,0,0,27,0,3979
1725,3,0,0,27,0,3979
1726,3,0,0,27,0,3963
1726,3,0,0,27,0,3963
1727,3,0,0,27,0,3962
1727,3,0,0,27,0,3962
1728,3,0,0,27,0,3969
1728,3,0,0,27,0,3969
1729,3,0,0,27,0,3974
1729,3,0,0,27,0,3974
1730,3,0,0,27,0,3974
1730,3,0,0,27,0,3974
1731,3,0,0,27,0,3976
1731,3,0,0,27,0,3976
1732,3,0,0,27,0,3953
1733,3,0,0,27,0,3960
1733,3,0,0,27,0,3960
1734,3,0,0,27,0,3955
1734,3,0,0,27,0,3955
1735,3,0,0,27,0,3961
1735,3,0,0,27,0,3961
1736,3,0,0,27,0,3946
1736,3,0,0,27,0,3946
1737,3,0,0,27,0,3943
1738,3,0,0,27,0,3939
1738,3,0,0,27,0,3939
1739,3,0,0,27,0,3945
1739,3,0,0,27,0,3945
1740,3,0,0,27,0,3956
1740,3,0,0,27,0,3956
1741,3,0,0,27,0,3945
1741,3,0,0,27,0,3945
1742,3,0,0,27,0,3942
1743,3,0,0,27,0,3944
1743,3,0,0,27,0,3944
1744,3,0,0,27,0,3941
1744,3,0,0,27,0,3941
1745,3,0,0,27,0,3956
1746,3,0,0,27,0,3953
1746,3,0,0,27,0,3953
1747,3,0,0,27,0,3940
1747,3,0,0,27,0,3940
1748,3,0,0,27,0,3951
1748,3,0,0,27,0,3951
1749,3,0,0,27,0,3953
1750,3,0,0,27,0,3929
1750,3,0,0,27,0,3929
1751,3,0,0,27,0,3934
1751,3,0,0,27,0,3934
1752,3,0,0,27,0,3934
1752,3,0,0,27,0,3934
1753,3,0,0,27,0,3956
1753,3,0,0,27,0,3956
1754,3,0,0,27,0,3955
1754,3,0,0,27,0,3955
1755,3,0,0,27,0,3941
1755,3,0,0,27,0,3941
1756,3,0,0,27,0,3947
1757,3,0,0,27,0,3960
1757,3,0,0,27,0,3960
1758,3,0,0,27,0,3953
1758,3,0,0,27,0,3953
1759,3,0,0,27,0,3959
1759,3,0,0,27,0,3959
1760,3,0,0,27,0,3974
1761,3,0,0,27,0,3958
1761,3,0,0,27,0,3958
1762,3,0,0,27,0,3978
1762,3,0,0,27,0,3978
1763,3,0,0,27,0,3952
1763,3,0,0,27,0,3952
1764,3,0,0,27,0,3947
1764,3,0,0,27,0,3947
1765,3,0,0,27,0,3948
1766,3,0,0,27,0,3948
1766,3,0,0,27,0,3948
1767,3,0,0,27,0,3957
1767,3,0,0,27,0,3957
1768,3,0,0,27,0,3954
1768,3,0,0,27,0,3954
1769,3,0,0,27,0,3967
1769,3,0,0,27,0,3967
1770,3,0,0,27,0,3969
1770,3,0,0,27,0,3969
1771,3,0,0,27,0,3978
1771,3,0,0,27,0,3978
1772,3,0,0,27,0,3978
1772,3,0,0,27,0,3978
1773,3,0,0,27,0,3978
1773,3,0,0,27,0,3978
1774,3,0,0,27,0,3979
1774,3,0,0,27,0,3979
1775,3,0,0,27,0,3988
1775,3,0,0,27,0,3988
1776,3,0,0,27,0,3975
1776,3,0,0,27,0,3975
1777,3,0,0,27,0,3970
1777,3,0,0,27,0,3970
1777,3,0,0,27,0,3970
1778,3,0,0,27,0,3958
1778,3,0,0,27,0,3958
1779,3,0,0,27,0,3966
1779,3,0,0,27,0,3966
1780,3,0,0,27,0,3962
1780,3,0,0,27,0,3962
1781,3,0,0,27,0,3977
1782,3,0,0,27,0,3975
1782,3,0,0,27,0,3975
1783,3,0,0,27,0,3968
1783,3,0,0,27,0,3968
1784,3,0,0,27,0,3967
1784,3,0,0,27,0,3967
1785,3,0,0,27,0,3960
1785,3,0,0,27,0,3960
1786,3,0,0,27,0,3958
1786,3,0,0,27,0,3958
1787,3,0,0,27,0,3952
1787,3,0,0,27,0,3952
1788,3,0,0,27,0,3945
1788,3,0,0,27,0,3945
1789,3,0,0,27,0,3960
1789,3,0,0,27,0,3960
1790,3,0,0,27,0,3956
1790,3,0,0,27,0,3956
1791,3,0,0,27,0,3952
1791,3,0,0,27,0,3952
1792,3,0,0,27,0,3956
1792,3,0,0,27,0,3956
1793,3,0,0,27,0,3951
1793,3,0,0,27,0,3951
1794,3,0,0,27,0,3956
1794,3,0,0,27,0,3956
1795,3,0,0,27,0,3969
1795,3,0,0,27,0,3969
1796,3,0,0,27,0,3972
1796,3,0,0,27,0,3972
1797,3,0,0,27,0,3971
1797,3,0,0,27,0,3971
1798,3,0,0,27,0,3980
1798,3,0,0,27,0,3980
1798,3,0,0,27,0,3980
1799,3,0,0,27,0,3983
1799,3,0,0,27,0,3983
1800,3,0,0,27,0,3993
1800,3,0,0,27,0,3993
1801,3,0,0,27,0,3994
1801,3,0,0,27,0,3994
1802,3,0,0,27,0,3990
1802,3,0,0,27,0,3990
1803,3,0,0,27,0,3991
1803,3,0,0,27,0,3991
1804,3,0,0,27,0,3969
1804,3,0,0,27,0,3969
1805,3,0,0,27,0,3987
1805,3,0,0,27,0,3987
1806,3,0,0,27,0,3984
1806,3,0,0,27,0,3984
